date 	price
27/09/2011 	0.877633
28/09/2011 	0.880612
29/09/2011 	0.873784
30/09/2011 	0.866754
01/10/2011 	0.869544
02/10/2011 	0.865571
03/10/2011 	0.865282
04/10/2011 	0.873496
05/10/2011 	0.870187
06/10/2011 	0.883367
07/10/2011 	0.886392
08/10/2011 	0.890286
09/10/2011 	0.892897
10/10/2011 	0.888518
11/10/2011 	0.878894
12/10/2011 	0.881054
13/10/2011 	0.879472
14/10/2011 	0.878764
15/10/2011 	0.880973
16/10/2011 	0.883413
17/10/2011 	0.883517
18/10/2011 	0.882013
19/10/2011 	0.884916
20/10/2011 	0.890468
21/10/2011 	0.880274
22/10/2011 	0.875363
23/10/2011 	0.876784
24/10/2011 	0.876287
25/10/2011 	0.876973
26/10/2011 	0.867100
27/10/2011 	0.877283
28/10/2011 	0.864655
29/10/2011 	0.868031
01/11/2011 	0.876873
02/11/2011 	0.873623
03/11/2011 	0.872570
04/11/2011 	0.872651
05/11/2011 	0.871596
06/11/2011 	0.857645
07/11/2011 	0.868280
08/11/2011 	0.886156
09/11/2011 	0.884761
10/11/2011 	0.891302
11/11/2011 	0.888623
12/11/2011 	0.884986
13/11/2011 	0.886944
14/11/2011 	0.886944
15/11/2011 	0.891541
16/11/2011 	0.897218
17/11/2011 	0.898564
18/11/2011 	0.895964
19/11/2011 	0.892714
20/11/2011 	0.893302
21/11/2011 	0.893165
22/11/2011 	0.881227
23/11/2011 	0.882028
24/11/2011 	0.877623
25/11/2011 	0.877967
26/11/2011 	0.886217
27/11/2011 	0.887096
28/11/2011 	0.887449
29/11/2011 	0.892450
30/11/2011 	0.892902
01/12/2011 	0.893712
02/12/2011 	0.898517
03/12/2011 	0.907409
04/12/2011 	0.903820
05/12/2011 	0.904262
06/12/2011 	0.905306
07/12/2011 	0.916420
08/12/2011 	0.914641
09/12/2011 	0.909252
10/12/2011 	0.905660
11/12/2011 	0.909011
12/12/2011 	0.907615
13/12/2011 	0.910460
14/12/2011 	0.915550
15/12/2011 	0.916666
16/12/2011 	0.908411
17/12/2011 	0.902340
18/12/2011 	0.902545
19/12/2011 	0.902545
20/12/2011 	0.903714
21/12/2011 	0.904325
22/12/2011 	0.911890
23/12/2011 	0.917241
24/12/2011 	0.919766
25/12/2011 	0.917389
26/12/2011 	0.918624
27/12/2011 	0.914280
28/12/2011 	0.915434
29/12/2011 	0.921461
30/12/2011 	0.923197
31/12/2011 	0.920468
01/01/2012 	0.918363
02/01/2012 	0.918363
03/01/2012 	0.921050
04/01/2012 	0.923168
05/01/2012 	0.929448
06/01/2012 	0.933537
07/01/2012 	0.933848
08/01/2012 	0.929152
09/01/2012 	0.929152
10/01/2012 	0.926642
11/01/2012 	0.934843
12/01/2012 	0.937553
13/01/2012 	0.926016
14/01/2012 	0.930910
17/01/2012 	0.937491
18/01/2012 	0.936619
19/01/2012 	0.930834
20/01/2012 	0.924802
21/01/2012 	0.920000
24/01/2012 	0.919619
25/01/2012 	0.919831
26/01/2012 	0.919859
27/01/2012 	0.918425
28/01/2012 	0.914699
31/01/2012 	0.915084
01/02/2012 	0.917660
02/02/2012 	0.914967
03/02/2012 	0.916046
04/02/2012 	0.925516
05/02/2012 	0.927191
06/02/2012 	0.924258
07/02/2012 	0.923718
08/02/2012 	0.917842
09/02/2012 	0.914759
10/02/2012 	0.915740
11/02/2012 	0.916383
12/02/2012 	0.915885
13/02/2012 	0.915319
14/02/2012 	0.915422
15/02/2012 	0.919185
16/02/2012 	0.925427
17/02/2012 	0.924887
18/02/2012 	0.920578
21/02/2012 	0.917065
22/02/2012 	0.915360
23/02/2012 	0.911108
24/02/2012 	0.907544
25/02/2012 	0.896366
26/02/2012 	0.896419
27/02/2012 	0.896299
28/02/2012 	0.899859
29/02/2012 	0.899739
01/03/2012 	0.914079
02/03/2012 	0.918798
03/03/2012 	0.924001
04/03/2012 	0.924091
05/03/2012 	0.924217
06/03/2012 	0.917240
07/03/2012 	0.917353
08/03/2012 	0.917199
09/03/2012 	0.916216
10/03/2012 	0.929351
11/03/2012 	0.928582
12/03/2012 	0.928582
13/03/2012 	0.922148
14/03/2012 	0.929023
15/03/2012 	0.936573
16/03/2012 	0.930871
17/03/2012 	0.923636
18/03/2012 	0.922732
19/03/2012 	0.922732
20/03/2012 	0.923568
21/03/2012 	0.918364
22/03/2012 	0.920090
23/03/2012 	0.914557
24/03/2012 	0.909236
25/03/2012 	0.909006
26/03/2012 	0.909279
27/03/2012 	0.910859
28/03/2012 	0.909997
29/03/2012 	0.907131
30/03/2012 	0.909309
31/03/2012 	0.903665
02/04/2012 	0.903124
03/04/2012 	0.911400
04/04/2012 	0.910853
05/04/2012 	0.919636
06/04/2012 	0.926151
07/04/2012 	0.919575
08/04/2012 	0.919174
09/04/2012 	0.919984
10/04/2012 	0.919025
11/04/2012 	0.914317
12/04/2012 	0.913883
13/04/2012 	0.914468
14/04/2012 	0.921167
15/04/2012 	0.919846
16/04/2012 	0.920030
17/04/2012 	0.914721
18/04/2012 	0.925757
19/04/2012 	0.924713
20/04/2012 	0.921299
21/04/2012 	0.916486
25/04/2012 	0.920947
26/04/2012 	0.925570
27/04/2012 	0.922108
28/04/2012 	0.924193
01/05/2012 	0.919172
02/05/2012 	0.923124
03/05/2012 	0.925322
04/05/2012 	0.924454
05/05/2012 	0.922907
06/05/2012 	0.919948
07/05/2012 	0.922606
08/05/2012 	0.926477
09/05/2012 	0.922965
10/05/2012 	0.926039
11/05/2012 	0.926174
12/05/2012 	0.930620
13/05/2012 	0.929664
14/05/2012 	0.929604
15/05/2012 	0.933893
16/05/2012 	0.938706
17/05/2012 	0.933986
18/05/2012 	0.928449
19/05/2012 	0.924342
20/05/2012 	0.919619
21/05/2012 	0.919619
22/05/2012 	0.921513
23/05/2012 	0.925538
24/05/2012 	0.931786
25/05/2012 	0.931761
26/05/2012 	0.931533
27/05/2012 	0.932317
28/05/2012 	0.931870
29/05/2012 	0.935672
30/05/2012 	0.938579
31/05/2012 	0.942974
01/06/2012 	0.939822
02/06/2012 	0.930968
03/06/2012 	0.929468
05/06/2012 	0.922926
06/06/2012 	0.928730
07/06/2012 	0.929135
08/06/2012 	0.931576
09/06/2012 	0.931935
11/06/2012 	0.935005
12/06/2012 	0.933316
13/06/2012 	0.935924
14/06/2012 	0.928952
15/06/2012 	0.929709
16/06/2012 	0.928529
17/06/2012 	0.927778
18/06/2012 	0.927869
19/06/2012 	0.931422
20/06/2012 	0.928049
21/06/2012 	0.928067
22/06/2012 	0.930439
23/06/2012 	0.931862
24/06/2012 	0.932689
25/06/2012 	0.932689
26/06/2012 	0.933520
27/06/2012 	0.938244
28/06/2012 	0.939261
29/06/2012 	0.934487
30/06/2012 	0.932100
01/07/2012 	0.932156
02/07/2012 	0.932156
03/07/2012 	0.938055
04/07/2012 	0.940543
05/07/2012 	0.946410
06/07/2012 	0.956840
07/07/2012 	0.959021
08/07/2012 	0.958957
09/07/2012 	0.958006
10/07/2012 	0.956454
11/07/2012 	0.959756
12/07/2012 	0.961105
13/07/2012 	0.965075
14/07/2012 	0.966834
15/07/2012 	0.967459
16/07/2012 	0.967459
17/07/2012 	0.964283
18/07/2012 	0.966094
19/07/2012 	0.968645
20/07/2012 	0.971087
21/07/2012 	0.975632
22/07/2012 	0.975240
23/07/2012 	0.975336
24/07/2012 	0.973400
25/07/2012 	0.974946
26/07/2012 	0.973205
27/07/2012 	0.967740
28/07/2012 	0.969438
29/07/2012 	0.971696
30/07/2012 	0.971802
31/07/2012 	0.977860
01/08/2012 	0.973639
02/08/2012 	0.975113
03/08/2012 	0.980396
04/08/2012 	0.972153
05/08/2012 	0.969334
06/08/2012 	0.969334
07/08/2012 	0.969104
08/08/2012 	0.970476
09/08/2012 	0.977257
10/08/2012 	0.985159
11/08/2012 	0.984425
12/08/2012 	0.985534
13/08/2012 	0.984906
14/08/2012 	0.980324
15/08/2012 	0.982352
16/08/2012 	0.988374
17/08/2012 	0.984389
18/08/2012 	0.985674
19/08/2012 	0.984423
20/08/2012 	0.984393
21/08/2012 	0.984033
22/08/2012 	0.974486
23/08/2012 	0.969807
24/08/2012 	0.961453
25/08/2012 	0.966454
26/08/2012 	0.967813
28/08/2012 	0.969305
29/08/2012 	0.967595
30/08/2012 	0.970304
31/08/2012 	0.967867
01/09/2012 	0.968651
02/09/2012 	0.967758
03/09/2012 	0.968012
04/09/2012 	0.966855
05/09/2012 	0.968962
06/09/2012 	0.964379
07/09/2012 	0.970778
08/09/2012 	0.966510
11/09/2012 	0.967755
12/09/2012 	0.965450
13/09/2012 	0.961183
14/09/2012 	0.966240
15/09/2012 	0.955012
16/09/2012 	0.955210
17/09/2012 	0.955235
18/09/2012 	0.952930
19/09/2012 	0.953622
20/09/2012 	0.951148
21/09/2012 	0.955076
22/09/2012 	0.954330
23/09/2012 	0.955965
24/09/2012 	0.955981
25/09/2012 	0.955719
26/09/2012 	0.955444
27/09/2012 	0.954647
28/09/2012 	0.956119
29/09/2012 	0.955884
30/09/2012 	0.955411
01/10/2012 	0.955462
02/10/2012 	0.954122
03/10/2012 	0.951081
04/10/2012 	0.950284
05/10/2012 	0.948572
06/10/2012 	0.950522
07/10/2012 	0.949796
08/10/2012 	0.949494
09/10/2012 	0.955830
10/10/2012 	0.960560
11/10/2012 	0.957890
12/10/2012 	0.955641
13/10/2012 	0.952066
14/10/2012 	0.953037
15/10/2012 	0.953180
16/10/2012 	0.954733
17/10/2012 	0.939661
18/10/2012 	0.941813
19/10/2012 	0.939695
20/10/2012 	0.934837
21/10/2012 	0.934730
22/10/2012 	0.934918
23/10/2012 	0.932418
24/10/2012 	0.939762
25/10/2012 	0.939353
26/10/2012 	0.939348
27/10/2012 	0.937049
29/10/2012 	0.936725
30/10/2012 	0.936555
31/10/2012 	0.931993
01/11/2012 	0.930683
02/11/2012 	0.934977
03/11/2012 	0.944537
05/11/2012 	0.942583
06/11/2012 	0.946840
07/11/2012 	0.948526
08/11/2012 	0.948049
09/11/2012 	0.946940
10/11/2012 	0.947457
11/11/2012 	0.946905
12/11/2012 	0.946875
13/11/2012 	0.947820
14/11/2012 	0.945269
15/11/2012 	0.943259
16/11/2012 	0.939164
17/11/2012 	0.944565
18/11/2012 	0.944696
19/11/2012 	0.944602
20/11/2012 	0.943892
21/11/2012 	0.942770
22/11/2012 	0.941044
23/11/2012 	0.937935
24/11/2012 	0.936997
25/11/2012 	0.935560
26/11/2012 	0.935465
27/11/2012 	0.933390
28/11/2012 	0.936997
29/11/2012 	0.937851
30/11/2012 	0.935594
01/12/2012 	0.932538
02/12/2012 	0.933394
03/12/2012 	0.933300
04/12/2012 	0.931404
05/12/2012 	0.934000
06/12/2012 	0.933725
07/12/2012 	0.941638
08/12/2012 	0.944352
09/12/2012 	0.945701
10/12/2012 	0.945701
11/12/2012 	0.945269
12/12/2012 	0.945587
13/12/2012 	0.942326
14/12/2012 	0.938465
15/12/2012 	0.932563
16/12/2012 	0.931180
17/12/2012 	0.931038
18/12/2012 	0.932229
19/12/2012 	0.926857
20/12/2012 	0.923742
21/12/2012 	0.923977
22/12/2012 	0.922396
23/12/2012 	0.921834
24/12/2012 	0.921834
25/12/2012 	0.923760
26/12/2012 	0.922403
27/12/2012 	0.918237
28/12/2012 	0.918979
29/12/2012 	0.917720
30/12/2012 	0.916332
31/12/2012 	0.916370
01/01/2013 	0.918760
02/01/2013 	0.920837
03/01/2013 	0.929760
04/01/2013 	0.936080
05/01/2013 	0.939274
06/01/2013 	0.936595
07/01/2013 	0.936737
08/01/2013 	0.935466
09/01/2013 	0.937047
10/01/2013 	0.937099
11/01/2013 	0.929180
12/01/2013 	0.926768
13/01/2013 	0.927973
14/01/2013 	0.928024
15/01/2013 	0.931690
16/01/2013 	0.942982
17/01/2013 	0.945251
18/01/2013 	0.947062
19/01/2013 	0.940385
20/01/2013 	0.942570
21/01/2013 	0.942565
22/01/2013 	0.938320
23/01/2013 	0.934568
24/01/2013 	0.930654
25/01/2013 	0.926791
26/01/2013 	0.917809
27/01/2013 	0.920921
28/01/2013 	0.920753
29/01/2013 	0.920539
30/01/2013 	0.918646
31/01/2013 	0.909794
01/02/2013 	0.910546
02/02/2013 	0.904290
03/02/2013 	0.909671
04/02/2013 	0.909519
05/02/2013 	0.910161
06/02/2013 	0.910357
07/02/2013 	0.913930
08/02/2013 	0.918335
09/02/2013 	0.915908
10/02/2013 	0.916446
11/02/2013 	0.916338
12/02/2013 	0.913365
13/02/2013 	0.913923
14/02/2013 	0.916073
15/02/2013 	0.923052
16/02/2013 	0.915921
17/02/2013 	0.915839
18/02/2013 	0.915822
19/02/2013 	0.914321
20/02/2013 	0.911096
21/02/2013 	0.909029
22/02/2013 	0.914519
23/02/2013 	0.910632
24/02/2013 	0.909647
25/02/2013 	0.909598
26/02/2013 	0.906033
27/02/2013 	0.906894
28/02/2013 	0.908328
01/03/2013 	0.907809
02/03/2013 	0.918365
03/03/2013 	0.918574
04/03/2013 	0.918574
05/03/2013 	0.915108
06/03/2013 	0.916348
07/03/2013 	0.918723
08/03/2013 	0.915199
09/03/2013 	0.928215
10/03/2013 	0.925190
11/03/2013 	0.925242
12/03/2013 	0.925265
13/03/2013 	0.923128
14/03/2013 	0.927339
15/03/2013 	0.926253
16/03/2013 	0.921969
17/03/2013 	0.920791
18/03/2013 	0.920791
19/03/2013 	0.924453
20/03/2013 	0.922503
21/03/2013 	0.919877
22/03/2013 	0.923986
23/03/2013 	0.920759
24/03/2013 	0.920280
25/03/2013 	0.920280
26/03/2013 	0.928148
27/03/2013 	0.932439
28/03/2013 	0.938124
29/03/2013 	0.933681
30/03/2013 	0.933339
31/03/2013 	0.933605
01/04/2013 	0.933016
02/04/2013 	0.931082
03/04/2013 	0.934864
04/04/2013 	0.933244
05/04/2013 	0.932209
06/04/2013 	0.916991
07/04/2013 	0.928166
08/04/2013 	0.921267
09/04/2013 	0.917301
10/04/2013 	0.918089
11/04/2013 	0.918748
12/04/2013 	0.920175
13/04/2013 	0.916617
14/04/2013 	0.914948
15/04/2013 	0.915047
16/04/2013 	0.910623
17/04/2013 	0.902270
18/04/2013 	0.907216
19/04/2013 	0.907447
20/04/2013 	0.908315
21/04/2013 	0.909450
22/04/2013 	0.909737
23/04/2013 	0.910581
24/04/2013 	0.919404
25/04/2013 	0.922294
26/04/2013 	0.926928
27/04/2013 	0.927148
28/04/2013 	0.926585
29/04/2013 	0.926585
30/04/2013 	0.925915
01/05/2013 	0.923982
02/05/2013 	0.918922
03/05/2013 	0.927245
04/05/2013 	0.927757
05/05/2013 	0.928270
06/05/2013 	0.928270
07/05/2013 	0.931414
08/05/2013 	0.935158
09/05/2013 	0.931997
10/05/2013 	0.941522
11/05/2013 	0.945819
12/05/2013 	0.945035
13/05/2013 	0.945035
14/05/2013 	0.948134
15/05/2013 	0.948802
16/05/2013 	0.949513
17/05/2013 	0.944589
18/05/2013 	0.946681
19/05/2013 	0.945903
20/05/2013 	0.945903
21/05/2013 	0.942576
22/05/2013 	0.945035
23/05/2013 	0.945552
24/05/2013 	0.937606
25/05/2013 	0.930121
26/05/2013 	0.931722
27/05/2013 	0.931722
28/05/2013 	0.932858
29/05/2013 	0.937675
30/05/2013 	0.930710
31/05/2013 	0.925002
01/06/2013 	0.927315
02/06/2013 	0.920791
03/06/2013 	0.920791
04/06/2013 	0.918878
05/06/2013 	0.915033
06/06/2013 	0.911835
07/06/2013 	0.907244
08/06/2013 	0.914421
09/06/2013 	0.918065
10/06/2013 	0.918065
11/06/2013 	0.915998
12/06/2013 	0.908967
13/06/2013 	0.903985
14/06/2013 	0.906670
15/06/2013 	0.905868
16/06/2013 	0.905830
17/06/2013 	0.905830
18/06/2013 	0.908372
19/06/2013 	0.900397
20/06/2013 	0.902104
21/06/2013 	0.894233
22/06/2013 	0.892105
23/06/2013 	0.893469
24/06/2013 	0.893469
25/06/2013 	0.888013
26/06/2013 	0.892505
27/06/2013 	0.899893
28/06/2013 	0.902713
29/06/2013 	0.900267
30/06/2013 	0.898189
01/07/2013 	0.898189
02/07/2013 	0.900908
03/07/2013 	0.901595
04/07/2013 	0.900720
05/07/2013 	0.911119
06/07/2013 	0.908781
07/07/2013 	0.911303
08/07/2013 	0.911303
09/07/2013 	0.911979
10/07/2013 	0.923437
11/07/2013 	0.918919
12/07/2013 	0.912175
13/07/2013 	0.910097
14/07/2013 	0.910403
15/07/2013 	0.910403
16/07/2013 	0.910653
17/07/2013 	0.906743
18/07/2013 	0.902315
19/07/2013 	0.909776
20/07/2013 	0.908113
21/07/2013 	0.907565
22/07/2013 	0.907565
23/07/2013 	0.905036
24/07/2013 	0.908894
25/07/2013 	0.909443
26/07/2013 	0.907144
27/07/2013 	0.902110
28/07/2013 	0.903439
29/07/2013 	0.903439
30/07/2013 	0.906914
31/07/2013 	0.902958
01/08/2013 	0.901892
02/08/2013 	0.905133
03/08/2013 	0.893581
04/08/2013 	0.894462
05/08/2013 	0.894462
06/08/2013 	0.895328
07/08/2013 	0.892720
08/08/2013 	0.884062
09/08/2013 	0.891097
10/08/2013 	0.896820
11/08/2013 	0.896492
12/08/2013 	0.896492
13/08/2013 	0.897571
14/08/2013 	0.902117
15/08/2013 	0.905683
16/08/2013 	0.898826
17/08/2013 	0.895710
18/08/2013 	0.896308
19/08/2013 	0.896308
20/08/2013 	0.892526
21/08/2013 	0.883422
22/08/2013 	0.881090
23/08/2013 	0.877609
24/08/2013 	0.876143
25/08/2013 	0.877940
26/08/2013 	0.877940
27/08/2013 	0.878688
28/08/2013 	0.874244
29/08/2013 	0.880103
30/08/2013 	0.883464
31/08/2013 	0.884580
01/09/2013 	0.882411
02/09/2013 	0.882411
03/09/2013 	0.885777
04/09/2013 	0.888315
05/09/2013 	0.892304
06/09/2013 	0.899432
07/09/2013 	0.902759
08/09/2013 	0.901049
09/09/2013 	0.901049
10/09/2013 	0.898234
11/09/2013 	0.902429
12/09/2013 	0.900592
13/09/2013 	0.901451
14/09/2013 	0.898776
15/09/2013 	0.898016
16/09/2013 	0.898016
17/09/2013 	0.898325
18/09/2013 	0.899204
19/09/2013 	0.896779
20/09/2013 	0.887630
21/09/2013 	0.883720
22/09/2013 	0.883304
23/09/2013 	0.883304
24/09/2013 	0.885673
25/09/2013 	0.885875
26/09/2013 	0.882126
27/09/2013 	0.882383
28/09/2013 	0.878549
29/09/2013 	0.878990
30/09/2013 	0.878990
01/10/2013 	0.878349
02/10/2013 	0.877084
03/10/2013 	0.874290
04/10/2013 	0.871751
05/10/2013 	0.880237
06/10/2013 	0.881253
07/10/2013 	0.881253
08/10/2013 	0.876572
09/10/2013 	0.874631
10/10/2013 	0.875554
11/10/2013 	0.877758
12/10/2013 	0.878563
13/10/2013 	0.880702
14/10/2013 	0.880519
15/10/2013 	0.877267
16/10/2013 	0.882063
17/10/2013 	0.884600
18/10/2013 	0.877181
19/10/2013 	0.876599
20/10/2013 	0.876718
21/10/2013 	0.876718
22/10/2013 	0.875934
23/10/2013 	0.869285
24/10/2013 	0.858916
25/10/2013 	0.855647
26/10/2013 	0.855327
27/10/2013 	0.854220
28/10/2013 	0.854220
29/10/2013 	0.857389
30/10/2013 	0.859552
31/10/2013 	0.856624
01/11/2013 	0.867959
02/11/2013 	0.873960
03/11/2013 	0.876008
04/11/2013 	0.876008
05/11/2013 	0.874401
06/11/2013 	0.873614
07/11/2013 	0.874333
08/11/2013 	0.879579
09/11/2013 	0.879462
10/11/2013 	0.879052
11/11/2013 	0.879234
12/11/2013 	0.877549
13/11/2013 	0.873878
14/11/2013 	0.874410
15/11/2013 	0.872003
16/11/2013 	0.874662
17/11/2013 	0.876590
18/11/2013 	0.876452
19/11/2013 	0.874854
20/11/2013 	0.870837
21/11/2013 	0.876606
22/11/2013 	0.870165
23/11/2013 	0.861383
24/11/2013 	0.862476
25/11/2013 	0.862476
26/11/2013 	0.864976
27/11/2013 	0.860914
28/11/2013 	0.857709
29/11/2013 	0.855683
30/11/2013 	0.853806
01/12/2013 	0.853624
02/12/2013 	0.853624
03/12/2013 	0.853404
04/12/2013 	0.846555
05/12/2013 	0.846424
06/12/2013 	0.843966
07/12/2013 	0.838127
08/12/2013 	0.838295
09/12/2013 	0.838295
10/12/2013 	0.837797
11/12/2013 	0.835381
12/12/2013 	0.834500
13/12/2013 	0.836418
14/12/2013 	0.839233
15/12/2013 	0.840176
16/12/2013 	0.840176
17/12/2013 	0.838965
18/12/2013 	0.835861
19/12/2013 	0.833693
20/12/2013 	0.839043
21/12/2013 	0.838272
22/12/2013 	0.842366
23/12/2013 	0.842366
24/12/2013 	0.842936
25/12/2013 	0.844212
26/12/2013 	0.842433
27/12/2013 	0.842069
28/12/2013 	0.831339
29/12/2013 	0.832581
30/12/2013 	0.832581
31/12/2013 	0.833355
01/01/2014 	0.837880
02/01/2014 	0.840628
03/01/2014 	0.845768
04/01/2014 	0.851910
05/01/2014 	0.851137
06/01/2014 	0.851137
07/01/2014 	0.847281
08/01/2014 	0.845987
09/01/2014 	0.842722
10/01/2014 	0.837591
11/01/2014 	0.827139
12/01/2014 	0.828305
13/01/2014 	0.828305
14/01/2014 	0.830310
15/01/2014 	0.824231
16/01/2014 	0.830668
17/01/2014 	0.829427
18/01/2014 	0.830450
19/01/2014 	0.830325
20/01/2014 	0.830325
21/01/2014 	0.829468
22/01/2014 	0.828329
23/01/2014 	0.822851
24/01/2014 	0.808893
25/01/2014 	0.808773
26/01/2014 	0.806663
27/01/2014 	0.806663
28/01/2014 	0.807671
29/01/2014 	0.806127
30/01/2014 	0.803148
31/01/2014 	0.809634
01/02/2014 	0.813019
02/02/2014 	0.814200
03/02/2014 	0.814200
04/02/2014 	0.814112
05/02/2014 	0.818827
06/02/2014 	0.814859
07/02/2014 	0.813415
08/02/2014 	0.816462
09/02/2014 	0.814147
10/02/2014 	0.814147
11/02/2014 	0.811630
12/02/2014 	0.813813
13/02/2014 	0.818814
14/02/2014 	0.814317
15/02/2014 	0.813304
16/02/2014 	0.812996
17/02/2014 	0.812996
18/02/2014 	0.813028
19/02/2014 	0.810929
20/02/2014 	0.803392
21/02/2014 	0.802597
22/02/2014 	0.798638
23/02/2014 	0.798798
24/02/2014 	0.798798
25/02/2014 	0.803590
26/02/2014 	0.800678
27/02/2014 	0.802477
28/02/2014 	0.796628
01/03/2014 	0.795709
02/03/2014 	0.795060
03/03/2014 	0.795060
04/03/2014 	0.794313
05/03/2014 	0.798545
06/03/2014 	0.802827
07/03/2014 	0.803523
08/03/2014 	0.792491
09/03/2014 	0.791840
10/03/2014 	0.791840
11/03/2014 	0.790986
12/03/2014 	0.791768
13/03/2014 	0.786847
14/03/2014 	0.788437
15/03/2014 	0.785892
16/03/2014 	0.785727
17/03/2014 	0.785727
18/03/2014 	0.789762
19/03/2014 	0.788920
20/03/2014 	0.782775
21/03/2014 	0.785483
22/03/2014 	0.788180
23/03/2014 	0.786452
24/03/2014 	0.786452
25/03/2014 	0.787903
26/03/2014 	0.791917
27/03/2014 	0.795430
28/03/2014 	0.801697
29/03/2014 	0.801358
30/03/2014 	0.801541
31/03/2014 	0.801541
01/04/2014 	0.801586
02/04/2014 	0.801087
03/04/2014 	0.804388
04/04/2014 	0.807371
05/04/2014 	0.812385
06/04/2014 	0.812658
07/04/2014 	0.812020
08/04/2014 	0.809348
09/04/2014 	0.808620
10/04/2014 	0.810269
11/04/2014 	0.802419
12/04/2014 	0.797565
13/04/2014 	0.797827
14/04/2014 	0.797827
15/04/2014 	0.802313
16/04/2014 	0.801057
17/04/2014 	0.800766
18/04/2014 	0.801982
19/04/2014 	0.801024
20/04/2014 	0.801217
21/04/2014 	0.801217
22/04/2014 	0.803186
23/04/2014 	0.803410
24/04/2014 	0.800349
25/04/2014 	0.799220
26/04/2014 	0.798206
27/04/2014 	0.798550
28/04/2014 	0.798402
29/04/2014 	0.797971
30/04/2014 	0.807409
01/05/2014 	0.804368
02/05/2014 	0.801941
03/05/2014 	0.799634
04/05/2014 	0.800135
05/05/2014 	0.800135
06/05/2014 	0.801160
07/05/2014 	0.802961
08/05/2014 	0.803840
09/05/2014 	0.812728
10/05/2014 	0.813524
11/05/2014 	0.813097
12/05/2014 	0.813097
13/05/2014 	0.815187
14/05/2014 	0.815463
15/05/2014 	0.818586
16/05/2014 	0.817517
17/05/2014 	0.820558
18/05/2014 	0.821868
19/05/2014 	0.821813
20/05/2014 	0.819997
21/05/2014 	0.818083
22/05/2014 	0.818644
23/05/2014 	0.821608
24/05/2014 	0.824066
25/05/2014 	0.824509
26/05/2014 	0.824509
27/05/2014 	0.824040
28/05/2014 	0.826006
29/05/2014 	0.825569
30/05/2014 	0.827816
31/05/2014 	0.824454
01/06/2014 	0.825627
02/06/2014 	0.825627
03/06/2014 	0.824202
04/06/2014 	0.821350
05/06/2014 	0.819873
06/06/2014 	0.815636
07/06/2014 	0.817507
08/06/2014 	0.817456
09/06/2014 	0.817456
10/06/2014 	0.822715
11/06/2014 	0.824320
12/06/2014 	0.827573
13/06/2014 	0.826832
14/06/2014 	0.829042
15/06/2014 	0.829235
16/06/2014 	0.829497
17/06/2014 	0.826938
18/06/2014 	0.828421
19/06/2014 	0.825481
20/06/2014 	0.826478
21/06/2014 	0.832899
22/06/2014 	0.832080
23/06/2014 	0.832080
24/06/2014 	0.833480
25/06/2014 	0.833212
26/06/2014 	0.832105
27/06/2014 	0.835727
28/06/2014 	0.835682
29/06/2014 	0.835380
30/06/2014 	0.835380
01/07/2014 	0.831452
02/07/2014 	0.833792
03/07/2014 	0.833603
04/07/2014 	0.840622
05/07/2014 	0.839552
06/07/2014 	0.839713
07/07/2014 	0.839713
08/07/2014 	0.837148
09/07/2014 	0.836400
10/07/2014 	0.837251
11/07/2014 	0.837591
12/07/2014 	0.831553
13/07/2014 	0.830931
14/07/2014 	0.830931
15/07/2014 	0.833190
16/07/2014 	0.832679
17/07/2014 	0.836445
18/07/2014 	0.835736
19/07/2014 	0.836033
20/07/2014 	0.836889
21/07/2014 	0.836707
22/07/2014 	0.837043
23/07/2014 	0.840161
24/07/2014 	0.840659
25/07/2014 	0.839550
26/07/2014 	0.836698
27/07/2014 	0.836338
28/07/2014 	0.836338
29/07/2014 	0.836437
30/07/2014 	0.835904
31/07/2014 	0.834295
01/08/2014 	0.834409
02/08/2014 	0.829998
03/08/2014 	0.829412
04/08/2014 	0.829412
05/08/2014 	0.830890
06/08/2014 	0.830181
07/08/2014 	0.830785
08/08/2014 	0.832329
09/08/2014 	0.825186
10/08/2014 	0.825311
11/08/2014 	0.825311
12/08/2014 	0.829194
13/08/2014 	0.829420
14/08/2014 	0.830646
15/08/2014 	0.831191
16/08/2014 	0.829118
17/08/2014 	0.828127
18/08/2014 	0.828127
19/08/2014 	0.832395
20/08/2014 	0.830615
21/08/2014 	0.831572
22/08/2014 	0.832589
23/08/2014 	0.835207
25/08/2014 	0.834794
26/08/2014 	0.833347
27/08/2014 	0.837864
28/08/2014 	0.842615
29/08/2014 	0.843650
30/08/2014 	0.844635
31/08/2014 	0.843974
01/09/2014 	0.844135
02/09/2014 	0.846396
03/09/2014 	0.841885
04/09/2014 	0.844149
05/09/2014 	0.856299
06/09/2014 	0.855186
08/09/2014 	0.855832
09/09/2014 	0.852331
10/09/2014 	0.849344
11/09/2014 	0.856215
12/09/2014 	0.847254
13/09/2014 	0.843038
14/09/2014 	0.843038
15/09/2014 	0.845614
16/09/2014 	0.847846
17/09/2014 	0.847846
18/09/2014 	0.853987
19/09/2014 	0.853300
20/09/2014 	0.857454
21/09/2014 	0.858455
22/09/2014 	0.858455
23/09/2014 	0.852856
24/09/2014 	0.848309
26/09/2014 	0.853910
27/09/2014 	0.852557
28/09/2014 	0.853012
29/09/2014 	0.852959
30/09/2014 	0.853283
01/10/2014 	0.851980
02/10/2014 	0.856195
03/10/2014 	0.859230
04/10/2014 	0.859230
05/10/2014 	0.859230
06/10/2014 	0.861805
07/10/2014 	0.858753
08/10/2014 	0.858753
09/10/2014 	0.854813
10/10/2014 	0.855093
11/10/2014 	0.855738
12/10/2014 	0.855105
13/10/2014 	0.855105
14/10/2014 	0.850845
15/10/2014 	0.847377
16/10/2014 	0.835057
17/10/2014 	0.836497
18/10/2014 	0.840335
19/10/2014 	0.838638
20/10/2014 	0.838638
21/10/2014 	0.836081
22/10/2014 	0.844925
23/10/2014 	0.849474
24/10/2014 	0.849612
25/10/2014 	0.847645
26/10/2014 	0.847392
27/10/2014 	0.847392
28/10/2014 	0.843608
29/10/2014 	0.845724
30/10/2014 	0.848735
31/10/2014 	0.854138
01/11/2014 	0.853128
02/11/2014 	0.854478
03/11/2014 	0.854478
04/11/2014 	0.852893
05/11/2014 	0.841712
06/11/2014 	0.847002
07/11/2014 	0.848920
08/11/2014 	0.852034
09/11/2014 	0.852850
10/11/2014 	0.852850
11/11/2014 	0.853298
12/11/2014 	0.851408
13/11/2014 	0.854348
14/11/2014 	0.848055
15/11/2014 	0.851308
16/11/2014 	0.849469
17/11/2014 	0.849469
18/11/2014 	0.852999
19/11/2014 	0.846630
20/11/2014 	0.843863
21/11/2014 	0.848422
22/11/2014 	0.862887
23/11/2014 	0.863466
24/11/2014 	0.863466
25/11/2014 	0.857629
26/11/2014 	0.856726
27/11/2014 	0.855365
28/11/2014 	0.849114
29/11/2014 	0.845692
30/11/2014 	0.845223
01/12/2014 	0.845227
02/12/2014 	0.848250
03/12/2014 	0.853156
04/12/2014 	0.860307
05/12/2014 	0.850583
06/12/2014 	0.855785
07/12/2014 	0.856015
08/12/2014 	0.856015
09/12/2014 	0.851863
10/12/2014 	0.847641
11/12/2014 	0.842584
12/12/2014 	0.839472
13/12/2014 	0.834513
14/12/2014 	0.832164
15/12/2014 	0.832164
16/12/2014 	0.828236
17/12/2014 	0.826963
18/12/2014 	0.830613
19/12/2014 	0.843742
20/12/2014 	0.846065
21/12/2014 	0.848239
22/12/2014 	0.848239
23/12/2014 	0.843195
24/12/2014 	0.850202
25/12/2014 	0.848786
26/12/2014 	0.844116
27/12/2014 	0.851025
28/12/2014 	0.848912
29/12/2014 	0.848912
30/12/2014 	0.848893
31/12/2014 	0.851939
04/01/2015 	0.849842
05/01/2015 	0.849842
06/01/2015 	0.855114
07/01/2015 	0.852029
08/01/2015 	0.857325
09/01/2015 	0.861017
10/01/2015 	0.855869
11/01/2015 	0.854919
12/01/2015 	0.854919
13/01/2015 	0.850639
14/01/2015 	0.854158
15/01/2015 	0.851576
16/01/2015 	0.752064
17/01/2015 	0.710388
18/01/2015 	0.716434
19/01/2015 	0.716434
20/01/2015 	0.731270
21/01/2015 	0.724300
22/01/2015 	0.695666
23/01/2015 	0.703872
24/01/2015 	0.704660
25/01/2015 	0.692899
26/01/2015 	0.692899
27/01/2015 	0.724263
28/01/2015 	0.729958
29/01/2015 	0.727163
30/01/2015 	0.730348
31/01/2015 	0.724225
01/02/2015 	0.723503
02/02/2015 	0.723503
03/02/2015 	0.734779
04/02/2015 	0.741308
05/02/2015 	0.736277
06/02/2015 	0.744445
07/02/2015 	0.738733
08/02/2015 	0.739794
09/02/2015 	0.739794
10/02/2015 	0.743363
11/02/2015 	0.740103
12/02/2015 	0.733521
13/02/2015 	0.744063
14/02/2015 	0.747778
15/02/2015 	0.748485
16/02/2015 	0.748485
17/02/2015 	0.746971
18/02/2015 	0.753991
19/02/2015 	0.758713
20/02/2015 	0.758765
21/02/2015 	0.752462
22/02/2015 	0.748784
23/02/2015 	0.748784
24/02/2015 	0.755733
25/02/2015 	0.754507
26/02/2015 	0.764018
27/02/2015 	0.763244
28/02/2015 	0.760678
01/03/2015 	0.762785
02/03/2015 	0.762785
03/03/2015 	0.761979
04/03/2015 	0.770129
05/03/2015 	0.775883
06/03/2015 	0.779843
07/03/2015 	0.780459
08/03/2015 	0.780829
09/03/2015 	0.780829
10/03/2015 	0.783819
11/03/2015 	0.788302
12/03/2015 	0.789634
13/03/2015 	0.791015
14/03/2015 	0.785647
15/03/2015 	0.786730
16/03/2015 	0.786730
17/03/2015 	0.787252
18/03/2015 	0.787748
19/03/2015 	0.778665
20/03/2015 	0.778229
21/03/2015 	0.775711
22/03/2015 	0.776440
23/03/2015 	0.776440
24/03/2015 	0.773122
25/03/2015 	0.765425
26/03/2015 	0.765737
27/03/2015 	0.771342
28/03/2015 	0.763146
29/03/2015 	0.762846
30/03/2015 	0.762846
31/03/2015 	0.763002
01/04/2015 	0.767212
02/04/2015 	0.766926
03/04/2015 	0.762151
04/04/2015 	0.762598
05/04/2015 	0.762706
06/04/2015 	0.762706
07/04/2015 	0.766274
08/04/2015 	0.770832
09/04/2015 	0.769999
10/04/2015 	0.776317
11/04/2015 	0.778259
12/04/2015 	0.778951
13/04/2015 	0.778410
14/04/2015 	0.775511
15/04/2015 	0.778370
16/04/2015 	0.783520
17/04/2015 	0.785349
18/04/2015 	0.778509
19/04/2015 	0.777773
20/04/2015 	0.777773
21/04/2015 	0.781275
22/04/2015 	0.775873
23/04/2015 	0.790915
24/04/2015 	0.785897
25/04/2015 	0.784520
26/04/2015 	0.783012
27/04/2015 	0.783012
28/04/2015 	0.788904
29/04/2015 	0.793031
30/04/2015 	0.782888
01/05/2015 	0.775760
02/05/2015 	0.767678
03/05/2015 	0.766937
04/05/2015 	0.756912
05/05/2015 	0.771509
06/05/2015 	0.767573
07/05/2015 	0.760685
08/05/2015 	0.758233
09/05/2015 	0.769904
10/05/2015 	0.770056
11/05/2015 	0.770056
12/05/2015 	0.772180
13/05/2015 	0.774022
14/05/2015 	0.767252
15/05/2015 	0.761752
16/05/2015 	0.762531
17/05/2015 	0.762444
18/05/2015 	0.762444
19/05/2015 	0.760757
20/05/2015 	0.766732
21/05/2015 	0.766800
22/05/2015 	0.765896
23/05/2015 	0.766588
24/05/2015 	0.768426
25/05/2015 	0.768426
26/05/2015 	0.767728
27/05/2015 	0.765135
28/05/2015 	0.761263
29/05/2015 	0.757771
30/05/2015 	0.754295
31/05/2015 	0.754926
01/06/2015 	0.754926
02/06/2015 	0.753951
03/06/2015 	0.752256
04/06/2015 	0.750869
05/06/2015 	0.747601
06/06/2015 	0.754255
07/06/2015 	0.755514
08/06/2015 	0.755514
09/06/2015 	0.748013
10/06/2015 	0.754814
11/06/2015 	0.758923
12/06/2015 	0.760629
13/06/2015 	0.752910
14/06/2015 	0.753870
15/06/2015 	0.753870
16/06/2015 	0.758883
17/06/2015 	0.756974
18/06/2015 	0.752124
19/06/2015 	0.754125
20/06/2015 	0.748759
21/06/2015 	0.747970
22/06/2015 	0.746951
23/06/2015 	0.747916
24/06/2015 	0.757436
25/06/2015 	0.753756
26/06/2015 	0.758846
27/06/2015 	0.758073
28/06/2015 	0.757576
29/06/2015 	0.757576
30/06/2015 	0.747300
01/07/2015 	0.749073
02/07/2015 	0.752462
03/07/2015 	0.752671
04/07/2015 	0.749845
05/07/2015 	0.748069
06/07/2015 	0.748069
07/07/2015 	0.745228
08/07/2015 	0.744441
09/07/2015 	0.744399
10/07/2015 	0.745526
11/07/2015 	0.739548
12/07/2015 	0.741472
13/07/2015 	0.741472
14/07/2015 	0.743893
15/07/2015 	0.741354
16/07/2015 	0.736582
17/07/2015 	0.739852
18/07/2015 	0.739292
19/07/2015 	0.741381
20/07/2015 	0.741381
21/07/2015 	0.741692
22/07/2015 	0.739055
23/07/2015 	0.738057
24/07/2015 	0.735163
25/07/2015 	0.736768
26/07/2015 	0.738184
27/07/2015 	0.738184
28/07/2015 	0.738585
29/07/2015 	0.744052
30/07/2015 	0.747287
31/07/2015 	0.745782
01/08/2015 	0.738719
02/08/2015 	0.738077
03/08/2015 	0.738077
04/08/2015 	0.736374
05/08/2015 	0.740319
06/08/2015 	0.742694
07/08/2015 	0.747178
08/08/2015 	0.748031
09/08/2015 	0.748220
10/08/2015 	0.748220
11/08/2015 	0.754056
12/08/2015 	0.752836
13/08/2015 	0.748905
14/08/2015 	0.747265
15/08/2015 	0.747721
16/08/2015 	0.745373
17/08/2015 	0.745373
18/08/2015 	0.747304
19/08/2015 	0.747473
20/08/2015 	0.736542
21/08/2015 	0.735411
22/08/2015 	0.721293
23/08/2015 	0.717679
24/08/2015 	0.717679
25/08/2015 	0.708692
26/08/2015 	0.708139
27/08/2015 	0.711484
28/08/2015 	0.729341
29/08/2015 	0.725898
30/08/2015 	0.728954
31/08/2015 	0.728954
01/09/2015 	0.732147
02/09/2015 	0.729088
03/09/2015 	0.730552
04/09/2015 	0.737413
05/09/2015 	0.734941
06/09/2015 	0.732640
07/09/2015 	0.732640
08/09/2015 	0.733052
09/09/2015 	0.742869
10/09/2015 	0.738062
11/09/2015 	0.735378
12/09/2015 	0.731382
13/09/2015 	0.730937
14/09/2015 	0.730937
15/09/2015 	0.730272
16/09/2015 	0.735983
17/09/2015 	0.734721
18/09/2015 	0.734893
19/09/2015 	0.732803
20/09/2015 	0.732214
21/09/2015 	0.732214
22/09/2015 	0.731632
23/09/2015 	0.733950
24/09/2015 	0.733432
25/09/2015 	0.731154
26/09/2015 	0.735457
27/09/2015 	0.734509
28/09/2015 	0.734509
29/09/2015 	0.728609
30/09/2015 	0.723696
01/10/2015 	0.729478
02/10/2015 	0.735897
03/10/2015 	0.736159
04/10/2015 	0.738376
05/10/2015 	0.738376
06/10/2015 	0.744847
07/10/2015 	0.742192
08/10/2015 	0.746551
09/10/2015 	0.742455
10/10/2015 	0.742565
11/10/2015 	0.742939
12/10/2015 	0.742939
13/10/2015 	0.741580
14/10/2015 	0.737326
15/10/2015 	0.733799
16/10/2015 	0.738245
17/10/2015 	0.735871
18/10/2015 	0.738436
19/10/2015 	0.738436
20/10/2015 	0.735824
21/10/2015 	0.736576
22/10/2015 	0.730147
23/10/2015 	0.741899
24/10/2015 	0.742656
25/10/2015 	0.743269
26/10/2015 	0.743269
27/10/2015 	0.747945
28/10/2015 	0.744559
29/10/2015 	0.749936
30/10/2015 	0.752904
31/10/2015 	0.754499
01/11/2015 	0.755795
02/11/2015 	0.755795
03/11/2015 	0.752270
04/11/2015 	0.756418
05/11/2015 	0.755152
06/11/2015 	0.756660
07/11/2015 	0.755655
08/11/2015 	0.756088
09/11/2015 	0.756088
10/11/2015 	0.754338
11/11/2015 	0.759480
12/11/2015 	0.756490
13/11/2015 	0.752186
14/11/2015 	0.756043
15/11/2015 	0.754965
16/11/2015 	0.754965
17/11/2015 	0.754675
18/11/2015 	0.762628
19/11/2015 	0.764379
20/11/2015 	0.764131
21/11/2015 	0.763783
22/11/2015 	0.762868
23/11/2015 	0.762868
24/11/2015 	0.763266
25/11/2015 	0.762532
26/11/2015 	0.769024
27/11/2015 	0.770434
28/11/2015 	0.771098
29/11/2015 	0.770056
30/11/2015 	0.770056
01/12/2015 	0.771036
02/12/2015 	0.770615
03/12/2015 	0.768888
04/12/2015 	0.747008
05/12/2015 	0.746975
06/12/2015 	0.745612
07/12/2015 	0.745612
08/12/2015 	0.741689
09/12/2015 	0.731128
10/12/2015 	0.725152
11/12/2015 	0.727237
12/12/2015 	0.718907
13/12/2015 	0.714771
14/12/2015 	0.714771
15/12/2015 	0.713480
16/12/2015 	0.722094
17/12/2015 	0.712962
18/12/2015 	0.715257
19/12/2015 	0.717200
20/12/2015 	0.710813
21/12/2015 	0.710813
22/12/2015 	0.708104
23/12/2015 	0.708641
24/12/2015 	0.715670
25/12/2015 	0.713777
26/12/2015 	0.713150
27/12/2015 	0.714303
28/12/2015 	0.714303
29/12/2015 	0.711356
30/12/2015 	0.716355
31/12/2015 	0.712087
01/01/2016 	0.722644
02/01/2016 	0.722535
03/01/2016 	0.722535
04/01/2016 	0.722535
05/01/2016 	0.719654
06/01/2016 	0.721960
07/01/2016 	0.716047
08/01/2016 	0.712605
09/01/2016 	0.704316
10/01/2016 	0.701970
11/01/2016 	0.701970
12/01/2016 	0.702965
13/01/2016 	0.702098
14/01/2016 	0.705403
15/01/2016 	0.700476
16/01/2016 	0.688058
17/01/2016 	0.688895
18/01/2016 	0.688895
19/01/2016 	0.692525
20/01/2016 	0.691232
21/01/2016 	0.687227
22/01/2016 	0.709833
23/01/2016 	0.716893
24/01/2016 	0.719237
25/01/2016 	0.719237
26/01/2016 	0.712742
27/01/2016 	0.724681
28/01/2016 	0.724744
29/01/2016 	0.719369
30/01/2016 	0.725596
31/01/2016 	0.732262
01/02/2016 	0.732262
02/02/2016 	0.728733
03/02/2016 	0.725602
04/02/2016 	0.727627
05/02/2016 	0.724287
06/02/2016 	0.716525
07/02/2016 	0.712099
08/02/2016 	0.712099
09/02/2016 	0.708700
10/02/2016 	0.703501
11/02/2016 	0.699163
12/02/2016 	0.695587
13/02/2016 	0.706226
14/02/2016 	0.705630
15/02/2016 	0.705630
16/02/2016 	0.714518
17/02/2016 	0.713057
18/02/2016 	0.724936
19/02/2016 	0.723550
20/02/2016 	0.717735
21/02/2016 	0.719134
22/02/2016 	0.719134
23/02/2016 	0.729665
24/02/2016 	0.719342
25/02/2016 	0.717082
26/02/2016 	0.727085
27/02/2016 	0.735359
28/02/2016 	0.737665
29/02/2016 	0.737665
01/03/2016 	0.736595
02/03/2016 	0.745516
03/03/2016 	0.741808
04/03/2016 	0.739782
05/03/2016 	0.743174
06/03/2016 	0.745774
07/03/2016 	0.745774
08/03/2016 	0.750464
09/03/2016 	0.741668
10/03/2016 	0.751361
11/03/2016 	0.737048
12/03/2016 	0.743647
13/03/2016 	0.743717
14/03/2016 	0.743717
15/03/2016 	0.742536
16/03/2016 	0.738348
17/03/2016 	0.740762
18/03/2016 	0.742830
19/03/2016 	0.745361
20/03/2016 	0.745307
21/03/2016 	0.745307
22/03/2016 	0.741820
23/03/2016 	0.744643
24/03/2016 	0.739768
25/03/2016 	0.735845
26/03/2016 	0.736929
27/03/2016 	0.737076
28/03/2016 	0.737076
29/03/2016 	0.738847
30/03/2016 	0.739989
31/03/2016 	0.742662
01/04/2016 	0.738935
02/04/2016 	0.735198
03/04/2016 	0.735919
04/04/2016 	0.735919
05/04/2016 	0.735340
06/04/2016 	0.725706
07/04/2016 	0.729864
08/04/2016 	0.726666
09/04/2016 	0.733101
10/04/2016 	0.734031
11/04/2016 	0.734031
12/04/2016 	0.738711
13/04/2016 	0.748577
14/04/2016 	0.754594
15/04/2016 	0.753062
16/04/2016 	0.752842
17/04/2016 	0.754939
18/04/2016 	0.754939
19/04/2016 	0.752234
20/04/2016 	0.758205
21/04/2016 	0.768843
22/04/2016 	0.764458
23/04/2016 	0.771559
24/04/2016 	0.772609
25/04/2016 	0.772609
26/04/2016 	0.769134
27/04/2016 	0.771810
28/04/2016 	0.768190
29/04/2016 	0.771484
30/04/2016 	0.763446
01/05/2016 	0.764320
02/05/2016 	0.764320
03/05/2016 	0.761631
04/05/2016 	0.750737
05/05/2016 	0.743428
06/05/2016 	0.753162
07/05/2016 	0.750453
08/05/2016 	0.753434
09/05/2016 	0.753434
10/05/2016 	0.746776
11/05/2016 	0.754509
12/05/2016 	0.756538
13/05/2016 	0.755434
14/05/2016 	0.754022
15/05/2016 	0.753905
16/05/2016 	0.753905
17/05/2016 	0.757763
18/05/2016 	0.758413
19/05/2016 	0.760339
20/05/2016 	0.756343
21/05/2016 	0.754455
22/05/2016 	0.755012
23/05/2016 	0.755012
24/05/2016 	0.753547
25/05/2016 	0.754662
26/05/2016 	0.758153
27/05/2016 	0.762045
28/05/2016 	0.761889
29/05/2016 	0.763413
30/05/2016 	0.763079
31/05/2016 	0.759997
01/06/2016 	0.758405
02/06/2016 	0.755727
03/06/2016 	0.755847
04/06/2016 	0.754605
05/06/2016 	0.754117
06/06/2016 	0.754117
07/06/2016 	0.756416
08/06/2016 	0.755446
09/06/2016 	0.754149
10/06/2016 	0.757557
11/06/2016 	0.755914
12/06/2016 	0.754666
13/06/2016 	0.754666
14/06/2016 	0.754813
15/06/2016 	0.748810
16/06/2016 	0.746791
17/06/2016 	0.745514
18/06/2016 	0.744927
19/06/2016 	0.744355
20/06/2016 	0.744355
21/06/2016 	0.750332
22/06/2016 	0.750183
23/06/2016 	0.747186
24/06/2016 	0.749853
25/06/2016 	0.750284
26/06/2016 	0.746209
27/06/2016 	0.746209
28/06/2016 	0.745832
29/06/2016 	0.751859
30/06/2016 	0.752672
01/07/2016 	0.754721
02/07/2016 	0.753879
03/07/2016 	0.753607
04/07/2016 	0.753607
05/07/2016 	0.755523
06/07/2016 	0.753315
07/07/2016 	0.751563
08/07/2016 	0.751990
09/07/2016 	0.753460
10/07/2016 	0.753981
11/07/2016 	0.753981
12/07/2016 	0.748486
13/07/2016 	0.759008
14/07/2016 	0.758876
15/07/2016 	0.760625
16/07/2016 	0.758781
17/07/2016 	0.757525
18/07/2016 	0.757525
19/07/2016 	0.757243
20/07/2016 	0.755993
21/07/2016 	0.757043
22/07/2016 	0.754937
23/07/2016 	0.750080
24/07/2016 	0.751655
25/07/2016 	0.751655
26/07/2016 	0.745910
27/07/2016 	0.751399
28/07/2016 	0.751036
29/07/2016 	0.744633
30/07/2016 	0.742096
31/07/2016 	0.743466
01/08/2016 	0.743466
02/08/2016 	0.739378
03/08/2016 	0.735993
04/08/2016 	0.743291
05/08/2016 	0.748116
06/08/2016 	0.743701
07/08/2016 	0.744419
08/08/2016 	0.744419
09/08/2016 	0.747356
10/08/2016 	0.747806
11/08/2016 	0.748147
12/08/2016 	0.752159
13/08/2016 	0.751718
14/08/2016 	0.752312
15/08/2016 	0.752312
16/08/2016 	0.752719
17/08/2016 	0.748696
18/08/2016 	0.748892
19/08/2016 	0.748698
20/08/2016 	0.745940
21/08/2016 	0.746450
22/08/2016 	0.747064
23/08/2016 	0.742139
24/08/2016 	0.745382
25/08/2016 	0.748777
26/08/2016 	0.748415
27/08/2016 	0.750983
28/08/2016 	0.752161
29/08/2016 	0.752136
30/08/2016 	0.751148
31/08/2016 	0.752333
01/09/2016 	0.749124
02/09/2016 	0.754297
03/09/2016 	0.754542
04/09/2016 	0.754452
05/09/2016 	0.754969
06/09/2016 	0.757825
07/09/2016 	0.756059
08/09/2016 	0.751952
09/09/2016 	0.753159
10/09/2016 	0.748353
11/09/2016 	0.747504
14/09/2016 	0.741689
15/09/2016 	0.738263
16/09/2016 	0.739204
17/09/2016 	0.741690
18/09/2016 	0.741929
19/09/2016 	0.743361
20/09/2016 	0.742526
21/09/2016 	0.740302
22/09/2016 	0.740453
23/09/2016 	0.742163
24/09/2016 	0.735925
25/09/2016 	0.735828
26/09/2016 	0.735828
