Date,GBP/USD,AUD/SGD,CAD/CHF
1/1/2011,,,0.936878
1/2/2011,1.557244301,1.3098948,0.938853562
1/3/2011,1.557244301,1.3098948,0.938853562
1/4/2011,1.548970699,1.306629181,0.941404104
1/5/2011,1.559794664,1.296248198,0.950050235
1/6/2011,1.551205277,1.292170763,0.96920222
1/7/2011,1.545093536,1.287884951,0.968320847
1/8/2011,,,0.971932
1/9/2011,1.55400157,1.289311409,0.974591672
1/10/2011,1.55400157,1.289311409,0.974591672
1/11/2011,1.558992386,1.290659428,0.97310096
1/12/2011,1.560792923,1.270896792,0.984128058
1/13/2011,1.574927211,1.282732606,0.980433881
1/14/2011,1.584283829,1.282841086,0.974571109
1/15/2011,,,0.972526
1/16/2011,1.588133454,1.275366664,0.97595799
1/17/2011,1.588133454,1.275366664,0.97595799
1/18/2011,1.590002179,1.279018998,0.977106988
1/19/2011,1.596296549,1.280055881,0.971474648
1/20/2011,1.597418547,1.279334068,0.960342407
1/21/2011,1.590988636,1.268855333,0.969806373
1/22/2011,,,0.965896
1/23/2011,1.599385738,1.269767523,0.964566171
1/24/2011,1.599385738,1.269767523,0.964566171
1/25/2011,1.598644376,1.277334332,0.955448687
1/26/2011,1.582003117,1.273696184,0.945124328
1/27/2011,1.592990875,1.277245879,0.947822452
1/28/2011,1.592686296,1.266732693,0.950602949
1/29/2011,,,0.943771
1/30/2011,1.58292973,1.271080256,0.939638853
1/31/2011,1.58292973,1.271080256,0.939638853
2/1/2011,1.60300076,1.275483727,0.943294346
2/2/2011,1.613605976,1.284629583,0.944455683
2/3/2011,1.620482922,1.286910892,0.95149368
2/4/2011,1.613449693,1.292664409,0.955056489
2/5/2011,,,0.964749
2/6/2011,1.609968901,1.291263342,0.966460645
2/7/2011,1.609968901,1.291263342,0.966460645
2/8/2011,1.612903237,1.290581465,0.964347064
2/9/2011,1.606632113,1.291459441,0.967946231
2/10/2011,1.610150337,1.286641359,0.963993549
2/11/2011,1.60970974,1.279991984,0.972685277
2/12/2011,,,0.982162
2/13/2011,1.600307226,1.284742713,0.986494422
2/14/2011,1.600307226,1.284742713,0.986494422
2/15/2011,1.602820992,1.284597754,0.980798423
2/16/2011,1.613657951,1.277650356,0.97623843
2/17/2011,1.609295368,1.282372713,0.974278748
2/18/2011,1.617808819,1.291259646,0.964935482
2/19/2011,,,0.960378
2/20/2011,1.625091434,1.291049123,0.958196282
2/21/2011,1.625091434,1.291049123,0.958196282
2/22/2011,1.622797012,1.286629319,0.96265018
2/23/2011,1.616004944,1.280812383,0.947352469
2/24/2011,1.623508453,1.279945374,0.942827404
2/25/2011,1.614439607,1.288776994,0.941733479
2/26/2011,,,0.94789
2/27/2011,1.610046625,1.292976618,0.949263453
2/28/2011,1.610046625,1.292976618,0.949263453
3/1/2011,1.627048016,1.294483185,0.956451893
3/2/2011,1.626280665,1.290751815,0.952649772
3/3/2011,1.633293033,1.289424539,0.94921869
3/4/2011,1.627445221,1.283827662,0.958153486
3/5/2011,,,0.953629
3/6/2011,1.6268363,1.285527229,0.953022957
3/7/2011,1.6268363,1.285527229,0.953022957
3/8/2011,1.619852901,1.281202555,0.952038884
3/9/2011,1.616344452,1.279468656,0.963123262
3/10/2011,1.620010376,1.28015101,0.959992111
3/11/2011,1.606606245,1.275523543,0.955585122
3/12/2011,,,0.956939
3/13/2011,1.607148647,1.282121181,0.953306139
3/14/2011,1.607148647,1.282121181,0.953306139
3/15/2011,1.61720705,1.278967619,0.949414849
3/16/2011,1.607200265,1.269184828,0.933204532
3/17/2011,1.599130154,1.258841991,0.91078186
3/18/2011,1.614335418,1.25714004,0.913737893
3/19/2011,,,0.916358
3/20/2011,1.62229681,1.269299984,0.91871202
3/21/2011,1.62229681,1.269299984,0.91871202
3/22/2011,1.630869031,1.273147941,0.924790502
3/23/2011,1.636018515,1.275807738,0.920757771
3/24/2011,1.624906659,1.280297399,0.925937235
3/25/2011,1.612201095,1.286309004,0.930233538
3/26/2011,,,0.936739
3/27/2011,1.600409627,1.292582393,0.939563811
3/28/2011,1.600409627,1.292582393,0.939563811
3/29/2011,1.599078894,1.293324232,0.937300622
3/30/2011,1.600998998,1.297510386,0.944970846
3/31/2011,1.607406855,1.301247597,0.945548117
4/1/2011,1.603412151,1.302186728,0.948128343
4/2/2011,,,0.957016
4/3/2011,1.612071157,1.309667349,0.96094501
4/4/2011,1.612071157,1.309667349,0.96094501
4/5/2011,1.613059402,1.30627656,0.954789937
4/6/2011,1.630098104,1.300408721,0.960653841
4/7/2011,1.632493258,1.314751387,0.956141293
4/8/2011,1.632120132,1.318297386,0.955365539
4/9/2011,,,0.951
4/10/2011,1.637411594,1.328043222,0.950747013
4/11/2011,1.637411594,1.328043222,0.950747013
4/12/2011,1.634494305,1.319529891,0.948320925
4/13/2011,1.625699043,1.312758803,0.932117283
4/14/2011,1.626889229,1.318027139,0.930708528
4/15/2011,1.63307,1.31249,0.928671
4/16/2011,,,0.929593
4/17/2011,1.631401181,1.312434673,0.929791749
4/18/2011,1.631401181,1.312434673,0.929791749
4/19/2011,1.626121998,1.308989525,0.929301977
4/20/2011,1.632439852,1.309725881,0.940874875
4/21/2011,1.639478683,1.322659135,0.932511926
4/22/2011,1.651473045,1.327607632,0.929866791
4/23/2011,,,0.928921
4/24/2011,1.652810574,1.327228904,0.929302871
4/25/2011,1.652810574,1.327228904,0.929302871
4/26/2011,1.650192261,1.325095773,0.923472106
4/27/2011,1.650900602,1.329634428,0.915497065
4/28/2011,1.662786722,1.334208965,0.920298696
4/29/2011,1.665001631,1.341996908,0.91864866
4/30/2011,,,0.915485
5/1/2011,1.668808341,1.34055984,0.915234387
5/2/2011,1.668808341,1.34055984,0.915234387
5/3/2011,1.666000247,1.338968873,0.909062207
5/4/2011,1.649647713,1.332653165,0.903937042
5/5/2011,1.649702191,1.32311368,0.898768306
5/6/2011,1.638592124,1.314617276,0.900461674
5/7/2011,,,0.907473
5/8/2011,1.635804415,1.323738933,0.911015511
5/9/2011,1.635804415,1.323738933,0.911015511
5/10/2011,1.64117384,1.329711318,0.904297292
5/11/2011,1.637009501,1.335604191,0.920099914
5/12/2011,1.636741519,1.323263168,0.923012793
5/13/2011,1.628399372,1.320732474,0.918086529
5/14/2011,,,0.920822
5/15/2011,1.617599487,1.315850616,0.921481669
5/16/2011,1.617599487,1.315850616,0.921481669
5/17/2011,1.62092948,1.321941853,0.907356143
5/18/2011,1.625302672,1.323548317,0.904662907
5/19/2011,1.616501331,1.317593813,0.908737361
5/20/2011,1.623192191,1.320088267,0.911544442
5/21/2011,,,0.903715
5/22/2011,1.621428847,1.318340182,0.900615394
5/23/2011,1.621428847,1.318340182,0.900615394
5/24/2011,1.610876679,1.311856508,0.904450178
5/25/2011,1.618489623,1.316812038,0.901167512
5/26/2011,1.627975106,1.313643217,0.892469883
5/27/2011,1.638538361,1.320568204,0.883903563
5/28/2011,,,0.873007
5/29/2011,1.651118636,1.323276043,0.87031728
5/30/2011,1.651118636,1.323276043,0.87031728
5/31/2011,1.648777485,1.319676399,0.871029854
6/1/2011,1.64649713,1.316135168,0.88166213
6/2/2011,1.633426547,1.316928387,0.861691236
6/3/2011,1.636152387,1.315434456,0.864512801
6/4/2011,,,0.855078
6/5/2011,1.645413399,1.319028616,0.854085624
6/6/2011,1.645413399,1.319028616,0.854085624
6/7/2011,1.635724187,1.319999576,0.852214754
6/8/2011,1.644304037,1.314714551,0.858954251
6/9/2011,1.640796781,1.310817599,0.853349626
6/10/2011,1.636554122,1.306588888,0.864084661
6/11/2011,,,0.861323
6/12/2011,1.622612834,1.302405119,0.859840751
6/13/2011,1.622612834,1.302405119,0.859840751
6/14/2011,1.637411594,1.309227109,0.857104778
6/15/2011,1.63773334,1.314846754,0.871966958
6/16/2011,1.61959064,1.308564425,0.871360838
6/17/2011,1.616109371,1.30937171,0.864479303
6/18/2011,,,0.865598
6/19/2011,1.617808819,1.307446122,0.865708113
6/20/2011,1.617808819,1.307446122,0.865708113
6/21/2011,1.620692968,1.308113694,0.862829626
6/22/2011,1.622533679,1.306190729,0.866108477
6/23/2011,1.605987191,1.302553773,0.863422692
6/24/2011,1.602615476,1.300664902,0.856806815
6/25/2011,,,0.846862
6/26/2011,1.596296549,1.297376633,0.843947768
6/27/2011,1.596296549,1.297376633,0.843947768
6/28/2011,1.599002242,1.297776222,0.846356809
6/29/2011,1.598797798,1.305635214,0.84812057
6/30/2011,1.607587814,1.318406463,0.861174226
7/1/2011,1.604801536,1.315312862,0.872743309
7/2/2011,,,0.881324
7/3/2011,1.606812954,1.320945859,0.884206176
7/4/2011,1.606812954,1.320945859,0.884206176
7/5/2011,1.60970974,1.316256046,0.883020639
7/6/2011,1.606787086,1.313254356,0.873169184
7/7/2011,1.600896478,1.313328147,0.870011389
7/8/2011,1.598107815,1.316886544,0.881548762
7/9/2011,,,0.872855
7/10/2011,1.602589846,1.310123801,0.869294167
7/11/2011,1.602589846,1.310123801,0.869294167
7/12/2011,1.590811491,1.306203246,0.863148034
7/13/2011,1.591824412,1.297765017,0.860840738
7/14/2011,1.616814852,1.310383439,0.847653329
7/15/2011,1.614908934,1.30480957,0.849609137
7/16/2011,,,0.853542
7/17/2011,1.611188054,1.297676682,0.849963248
7/18/2011,1.611188054,1.297676682,0.849963248
7/19/2011,1.605832338,1.290979862,0.851990819
7/20/2011,1.613710046,1.305384874,0.867463171
7/21/2011,1.615926623,1.306206942,0.869505465
7/22/2011,1.632333279,1.311368823,0.866047859
7/23/2011,,,0.864257
7/24/2011,1.631507635,1.310303688,0.857127726
7/25/2011,1.631507635,1.310303688,0.857127726
7/26/2011,1.628081083,1.309455514,0.851969182
7/27/2011,1.642602563,1.318814993,0.849787951
7/28/2011,1.632733107,1.328500032,0.84453249
7/29/2011,1.636848688,1.322311401,0.843776286
7/30/2011,,,0.827871
7/31/2011,1.641200781,1.325276017,0.828833461
8/1/2011,1.641200781,1.325276017,0.828833461
8/2/2011,1.630922318,1.319230199,0.82153064
8/3/2011,1.627869129,1.298571467,0.795735836
8/4/2011,1.643412352,1.296947122,0.801727176
8/5/2011,1.623587489,1.280061722,0.780972779
8/6/2011,,,0.787413
8/7/2011,1.641658783,1.26091516,0.772415519
8/8/2011,1.641658783,1.26091516,0.772415519
8/9/2011,1.632013679,1.238604546,0.759811342
8/10/2011,1.631481051,1.253751159,0.737475812
8/11/2011,1.611811399,1.236362576,0.729629219
8/12/2011,1.622797012,1.253308177,0.772930145
8/13/2011,,,0.783817
8/14/2011,1.629328012,1.254789114,0.791725636
8/15/2011,1.629328012,1.254789114,0.791725636
8/16/2011,1.638592124,1.258796215,0.79906255
8/17/2011,1.644087791,1.257752299,0.809523821
8/18/2011,1.654095531,1.266955495,0.805561244
8/19/2011,1.650791526,1.263155699,0.801651478
8/20/2011,,,0.795037
8/21/2011,1.647799373,1.25689292,0.794752717
8/22/2011,1.647799373,1.25689292,0.794752717
8/23/2011,1.646605492,1.256810665,0.797152638
8/24/2011,1.649811029,1.2663517,0.802611649
8/25/2011,1.637009501,1.261875868,0.805316448
8/26/2011,1.62831974,1.264083385,0.803562403
8/27/2011,,,0.81657
8/28/2011,1.635002136,1.272944689,0.823254287
8/29/2011,1.635002136,1.272944689,0.823254287
8/30/2011,1.641497016,1.286136866,0.836656034
8/31/2011,1.630762696,1.287312627,0.837012112
9/1/2011,1.625144243,1.286436558,0.824846685
9/2/2011,1.618804097,1.291055918,0.814549208
9/3/2011,,,0.80222
9/4/2011,1.61720705,1.278275251,0.80060792
9/5/2011,1.61720705,1.278275251,0.80060792
9/6/2011,1.609994888,1.270333648,0.792473733
9/7/2011,1.594820023,1.26952827,0.870377898
9/8/2011,1.598593354,1.28618598,0.872490048
9/9/2011,1.597750306,1.287735701,0.88477689
9/10/2011,,,0.886096
9/11/2011,1.585690856,1.284576178,0.888755262
9/12/2011,1.585690856,1.284576178,0.888755262
9/13/2011,1.585866809,1.277392983,0.888132155
9/14/2011,1.578606725,1.278868198,0.892755628
9/15/2011,1.576988578,1.277632117,0.885026455
9/16/2011,1.579304814,1.281765342,0.884199917
9/17/2011,,,0.892707
9/18/2011,1.572401166,1.283246636,0.896404207
9/19/2011,1.572401166,1.283246636,0.896404207
9/20/2011,1.565999031,1.283600092,0.891706944
9/21/2011,1.573415637,1.292366385,0.893367648
9/22/2011,1.55082047,1.296335459,0.894246995
9/23/2011,1.536169171,1.272949219,0.882782102
9/24/2011,,,0.880481
9/25/2011,1.549330711,1.272968531,0.879489958
9/26/2011,1.549330711,1.272968531,0.879489958
9/27/2011,1.555258393,1.269986153,0.879570842
9/28/2011,1.563990712,1.271295428,0.878900766
9/29/2011,1.557608247,1.265815258,0.871482372
9/30/2011,1.559940815,1.266849041,0.865352333
10/1/2011,,,0.865199
10/2/2011,1.558312058,1.263595819,0.866095245
10/3/2011,1.558312058,1.263595819,0.866095245
10/4/2011,1.543590903,1.25335741,0.873623252
10/5/2011,1.547029734,1.249809027,0.871933043
10/6/2011,1.54659903,1.255374432,0.886527896
10/7/2011,1.543448091,1.265854836,0.886468709
10/8/2011,,,0.890498
10/9/2011,1.553301573,1.267825723,0.892561197
10/10/2011,1.553301573,1.267825723,0.892561197
10/11/2011,1.56582737,1.273562193,0.880771518
10/12/2011,1.558894992,1.277877212,0.883748055
10/13/2011,1.574778318,1.296772361,0.879082322
10/14/2011,1.574505687,1.296975136,0.879116595
10/15/2011,,,0.882269
10/16/2011,1.582628965,1.307967663,0.883297026
10/17/2011,1.582628965,1.307967663,0.883297026
10/18/2011,1.574505687,1.294341326,0.878423333
10/19/2011,1.570869803,1.300496221,0.885986149
10/20/2011,1.577710032,1.297020674,0.886411667
10/21/2011,1.579604149,1.301779151,0.879551291
10/22/2011,,,0.876673
10/23/2011,1.594311476,1.31444788,0.875557363
10/24/2011,1.594311476,1.31444788,0.875557363
10/25/2011,1.599667311,1.322538137,0.877603948
10/26/2011,1.599846363,1.317877889,0.864141703
10/27/2011,1.595965385,1.319010377,0.878087699
10/28/2011,1.608777404,1.329318285,0.867251337
10/29/2011,,,0.8697
10/30/2011,1.611188054,1.328053236,0.867766917
10/31/2011,1.611188054,1.328053236,0.867766917
11/1/2011,1.608001351,1.321508765,0.87816602
11/2/2011,1.594006658,1.31713748,0.871350229
11/3/2011,1.591191173,1.312082171,0.870551765
11/4/2011,1.603720665,1.316451788,0.870942116
11/5/2011,,,0.869364
11/6/2011,1.603283525,1.316547275,0.876549244
11/7/2011,1.603283525,1.316547275,0.876549244
11/8/2011,1.606193423,1.315372348,0.889020383
11/9/2011,1.609891295,1.315087557,0.886485636
11/10/2011,1.591495037,1.306208134,0.889529169
11/11/2011,1.594209909,1.309927464,0.891216457
11/12/2011,,,0.890102
11/13/2011,1.607691169,1.317875147,0.890826285
11/14/2011,1.607691169,1.317875147,0.890826285
11/15/2011,1.590002179,1.31643939,0.893443763
11/16/2011,1.58057785,1.311541915,0.89741832
11/17/2011,1.570795774,1.303871393,0.89884901
11/18/2011,1.575200081,1.295327425,0.895657182
11/19/2011,,,0.89245
11/20/2011,1.577710032,1.297540426,0.891456664
11/21/2011,1.577710032,1.297540426,0.891456664
11/22/2011,1.563892841,1.284334898,0.882893443
11/23/2011,1.564896226,1.280409575,0.879991174
11/24/2011,1.552867293,1.270863295,0.877565861
11/25/2011,1.547700047,1.270485401,0.87859112
11/26/2011,,,0.885817
11/27/2011,1.54899466,1.280491352,0.891128123
11/28/2011,1.54899466,1.280491352,0.891128123
11/29/2011,1.550099134,1.287426949,0.891669869
11/30/2011,1.559794664,1.299138427,0.892522156
12/1/2011,1.570721626,1.31446445,0.89755404
12/2/2011,1.568307638,1.311401606,0.902684748
12/3/2011,,,0.903879
12/4/2011,1.56098783,1.312566638,0.904660344
12/5/2011,1.56098783,1.312566638,0.904660344
12/6/2011,1.564308763,1.315309048,0.906283855
12/7/2011,1.560695529,1.314645767,0.916812003
12/8/2011,1.570031285,1.319508076,0.915518463
12/9/2011,1.56379509,1.316756368,0.905409396
12/10/2011,,,0.906542
12/11/2011,1.565410733,1.319968939,0.908798158
12/12/2011,1.565410733,1.319968939,0.908798158
12/13/2011,1.558069229,1.308216095,0.913390338
12/14/2011,1.548011541,1.305264354,0.914723456
12/15/2011,1.547508478,1.29698956,0.918174863
12/16/2011,1.55228889,1.297853351,0.909416437
12/17/2011,,,0.904043
12/18/2011,1.552505851,1.298385859,0.901675582
12/19/2011,1.552505851,1.298385859,0.901675582
12/20/2011,1.550988793,1.296737075,0.902582407
12/21/2011,1.567103386,1.308458328,0.905493438
12/22/2011,1.567103386,1.305287004,0.911418259
12/23/2011,1.567988038,1.311133265,0.916160583
12/24/2011,,,0.91596
12/25/2011,1.55969739,1.314439535,0.917777359
12/26/2011,1.55969739,1.314439535,0.917777359
12/27/2011,1.561889768,1.312369823,0.917785466
12/28/2011,1.566489697,1.315175295,0.916421413
12/29/2011,1.544401646,1.309553742,0.920120895
12/30/2011,1.54159224,1.317513466,0.921483874
12/31/2011,,,0.919417
1/1/2012,1.551205277,1.323064089,0.918895066
1/2/2012,1.551205277,1.323064089,0.918895066
1/3/2012,1.551999688,1.329224944,0.923333943
1/4/2012,1.564406633,1.331611991,0.921669483
1/5/2012,1.560938954,1.331851125,0.929642856
1/6/2012,1.550171375,1.324594259,0.933797479
1/7/2012,,,0.930793
1/8/2012,1.541948676,1.321870804,0.931396425
1/9/2012,1.541948676,1.321870804,0.931396425
1/10/2012,1.54590559,1.327276587,0.927132249
1/11/2012,1.547460556,1.328156948,0.935064435
1/12/2012,1.533601284,1.331077814,0.936161816
1/13/2012,1.534212947,1.332499623,0.927111924
1/14/2012,,,0.929767
1/15/2012,1.530011058,1.329769254,0.931758344
1/16/2012,1.530011058,1.329769254,0.931758344
1/17/2012,1.532496572,1.332211852,0.938875735
1/18/2012,1.533859968,1.332122326,0.935159743
1/19/2012,1.542995572,1.330353498,0.928126514
1/20/2012,1.548826694,1.325007558,0.921601653
1/21/2012,,,0.922049
1/22/2012,1.554557204,1.332474947,0.923103511
1/23/2012,1.554557204,1.332474947,0.923103511
1/24/2012,1.557899356,1.334326506,0.920656323
1/25/2012,1.562695384,1.327918649,0.919227004
1/26/2012,1.56609714,1.335021257,0.917662323
1/27/2012,1.568209291,1.336001396,0.917762
1/28/2012,,,0.913569
1/29/2012,1.572401166,1.330922127,0.911823452
1/30/2012,1.572401166,1.330922127,0.911823452
1/31/2012,1.570845127,1.330877423,0.917665422
2/1/2012,1.576044083,1.334599257,0.917665422
2/2/2012,1.584283829,1.340028524,0.916691661
2/3/2012,1.580278158,1.335345864,0.917850673
2/4/2012,,,0.922381
2/5/2012,1.580303073,1.337010384,0.925113261
2/6/2012,1.580303073,1.337010384,0.925113261
2/7/2012,1.581277728,1.338751554,0.922906995
2/8/2012,1.589319825,1.344779134,0.916758776
2/9/2012,1.581277728,1.344394565,0.91669178
2/10/2012,1.581277728,1.344202995,0.916499197
2/11/2012,,,0.915463
2/12/2012,1.578208208,1.344413519,0.913708627
2/13/2012,1.578208208,1.344413519,0.913708627
2/14/2012,1.572574258,1.347228408,0.91774404
2/15/2012,1.569119692,1.352771759,0.920881331
2/16/2012,1.568873644,1.351409078,0.924022794
2/17/2012,1.580777764,1.355974078,0.922143042
2/18/2012,,,0.923207
2/19/2012,1.586923718,1.350431681,0.922432959
2/20/2012,1.586923718,1.350431681,0.922432959
2/21/2012,1.582829356,1.345270514,0.918283284
2/22/2012,1.579030514,1.340393305,0.914710045
2/23/2012,1.567201614,1.336322427,0.910691082
2/24/2012,1.574555159,1.342716813,0.903329313
2/25/2012,,,0.898329
2/26/2012,1.588688493,1.342032075,0.894557834
2/27/2012,1.588688493,1.342032075,0.894557834
2/28/2012,1.583280444,1.349737406,0.900210381
2/29/2012,1.592204571,1.348114371,0.899768591
3/1/2012,1.592356682,1.343845248,0.915085018
3/2/2012,1.595914364,1.349350452,0.919045925
3/3/2012,,,0.923211
3/4/2012,1.583305597,1.344506383,0.924499631
3/5/2012,1.583305597,1.344506383,0.924499631
3/6/2012,1.58755362,1.341462135,0.917428076
3/7/2012,1.572327137,1.33459425,0.917470813
3/8/2012,1.573564053,1.331268907,0.91863358
3/9/2012,1.58252883,1.331963658,0.91699481
3/10/2012,,,0.925302
3/11/2012,1.567299843,1.327495337,0.927799702
3/12/2012,1.567299843,1.327495337,0.927799702
3/13/2012,1.565435171,1.323783517,0.923138976
3/14/2012,1.570598483,1.326726437,0.934426248
3/15/2012,1.565435171,1.324737787,0.937305033
3/16/2012,1.570351839,1.329749227,0.930457532
3/17/2012,,,0.925263
3/18/2012,1.583706856,1.3326689,0.923860908
3/19/2012,1.583706856,1.3326689,0.923860908
3/20/2012,1.588814735,1.331764579,0.923146963
3/21/2012,1.586294413,1.324483991,0.919172585
3/22/2012,1.58755362,1.321814418,0.919649124
3/23/2012,1.582779408,1.31474936,0.913988173
3/24/2012,,,0.910501
3/25/2012,1.587805629,1.320565104,0.910477698
3/26/2012,1.587805629,1.320565104,0.910477698
3/27/2012,1.596169114,1.323346734,0.91082418
3/28/2012,1.595405221,1.313024759,0.908588588
3/29/2012,1.589319825,1.306792259,0.906484962
3/30/2012,1.595914364,1.30607152,0.9086712
3/31/2012,,,0.904507
4/1/2012,1.601409197,1.306274414,0.904728472
4/2/2012,1.601409197,1.306274414,0.904728472
4/3/2012,1.603849292,1.306370139,0.911919236
4/4/2012,1.590659738,1.294602752,0.919224977
4/5/2012,1.590330839,1.293758273,0.918899953
4/6/2012,1.583029985,1.296572804,0.926291406
4/7/2012,,,0.921243
4/8/2012,1.588057756,1.298031926,0.920894325
4/9/2012,1.588057756,1.298031926,0.920894325
4/10/2012,1.590811491,1.299901009,0.920220733
4/11/2012,1.585539937,1.292035937,0.914410889
4/12/2012,1.592356682,1.296710968,0.9140836
4/13/2012,1.595914364,1.305391669,0.915954471
4/14/2012,,,0.919339
4/15/2012,1.585037231,1.291930795,0.922568679
4/16/2012,1.585037231,1.291930795,0.922568679
4/17/2012,1.58957231,1.29393971,0.915874779
4/18/2012,1.594209909,1.297977924,0.92496711
4/19/2012,1.6023072,1.29746604,0.924606383
4/20/2012,1.606167674,1.293817043,0.919650018
4/21/2012,,,0.916926
4/22/2012,1.613163471,1.29561162,0.916000426
4/23/2012,1.613163471,1.29561162,0.916000426
4/24/2012,1.612123132,1.28629458,0.921897113
4/25/2012,1.614465594,1.28678906,0.922772884
4/26/2012,1.617808819,1.288106441,0.924213707
4/27/2012,1.617861271,1.287269354,0.924021065
4/28/2012,,,0.924242
4/29/2012,1.628134131,1.293968797,0.924762964
4/30/2012,1.628134131,1.293968797,0.924762964
5/1/2012,1.623376608,1.288782835,0.918616354
5/2/2012,1.622323155,1.276824474,0.920821965
5/3/2012,1.619302034,1.278681397,0.926211238
5/4/2012,1.61919713,1.276106358,0.924579918
5/5/2012,,,0.92264
5/6/2012,1.612305045,1.265907288,0.927973151
5/7/2012,1.612305045,1.265907288,0.927973151
5/8/2012,1.619433165,1.27195096,0.926879168
5/9/2012,1.614726305,1.261656404,0.924762428
5/10/2012,1.613814235,1.258936048,0.926639378
5/11/2012,1.613684058,1.259816289,0.925914824
5/12/2012,,,0.928563
5/13/2012,1.607717037,1.25538826,0.930913866
5/14/2012,1.607717037,1.25538826,0.930913866
5/15/2012,1.609787464,1.254139304,0.934045136
5/16/2012,1.598720908,1.254127741,0.936537981
5/17/2012,1.592103243,1.258119106,0.932390988
5/18/2012,1.578531981,1.258955121,0.928340077
5/19/2012,,,0.922485
5/20/2012,1.581277728,1.252164483,0.920877457
5/21/2012,1.581277728,1.252164483,0.920877457
5/22/2012,1.582779408,1.256471276,0.921179295
5/23/2012,1.576093793,1.247043848,0.928172946
5/24/2012,1.568381429,1.243214369,0.931955934
5/25/2012,1.565925479,1.246460438,0.933943868
5/26/2012,,,0.932321
5/27/2012,1.568135381,1.253829598,0.932332337
5/28/2012,1.568135381,1.253829598,0.932332337
5/29/2012,1.566906929,1.255450845,0.935927451
5/30/2012,1.563477278,1.257173657,0.940222621
5/31/2012,1.548299313,1.250388145,0.942306578
6/1/2012,1.53964591,1.251696229,0.940561473
6/2/2012,,,0.931422
6/3/2012,1.535154939,1.24810493,0.928014994
6/4/2012,1.535154939,1.24810493,0.928014994
6/5/2012,1.538461566,1.252095938,0.924356878
6/6/2012,1.538461566,1.256036878,0.92950356
6/7/2012,1.54822731,1.262930989,0.928633988
6/8/2012,1.552312851,1.264889479,0.930295944
6/9/2012,,,0.93342
6/10/2012,1.553760171,1.274415851,0.929711282
6/11/2012,1.553760171,1.274415851,0.929711282
6/12/2012,1.548610926,1.269853711,0.933831334
6/13/2012,1.556904793,1.276102304,0.935983717
6/14/2012,1.552072048,1.27451992,0.92881453
6/15/2012,1.55545187,1.280225873,0.929453194
6/16/2012,,,0.929783
6/17/2012,1.571585655,1.280826092,0.926572859
6/18/2012,1.571585655,1.280826092,0.926572859
6/19/2012,1.568627477,1.283638239,0.932589829
6/20/2012,1.571981072,1.289340496,0.93043828
6/21/2012,1.570598483,1.294081092,0.928932846
6/22/2012,1.560062528,1.283955097,0.93048799
6/23/2012,,,0.931943
6/24/2012,1.558360577,1.282776952,0.932982624
6/25/2012,1.558360577,1.282776952,0.932982624
6/26/2012,1.55666244,1.282795906,0.933615923
6/27/2012,1.563721657,1.284898758,0.939068496
6/28/2012,1.557147264,1.2866745,0.939482391
6/29/2012,1.551831126,1.284977436,0.93397516
6/30/2012,,,0.932718
7/1/2012,1.568209291,1.296178818,0.932901025
7/2/2012,1.568209291,1.296178818,0.932901025
7/3/2012,1.569119692,1.297640085,0.938873112
7/4/2012,1.569119692,1.298594356,0.941600859
7/5/2012,1.558409214,1.300829768,0.946906209
7/6/2012,1.553036213,1.300414324,0.955827296
7/7/2012,,,0.958077
7/8/2012,1.54798758,1.297436833,0.959984303
7/9/2012,1.54798758,1.297436833,0.959984303
7/10/2012,1.553036213,1.295213938,0.956552446
7/11/2012,1.551831126,1.292179585,0.958427072
7/12/2012,1.551109076,1.294739842,0.962221682
7/13/2012,1.542733788,1.286480308,0.965679526
7/14/2012,,,0.967062
7/15/2012,1.558360577,1.294112921,0.966959178
7/16/2012,1.558360577,1.294112921,0.966959178
7/17/2012,1.5625,1.294534445,0.964528561
7/18/2012,1.566416025,1.300122738,0.965506911
7/19/2012,1.564700365,1.303307295,0.968647361
7/20/2012,1.571832776,1.306904078,0.970722616
7/21/2012,,,0.974671
7/22/2012,1.560792923,1.301066041,0.976434708
7/23/2012,1.560792923,1.301066041,0.976434708
7/24/2012,1.551831126,1.295255065,0.972887993
7/25/2012,1.550147295,1.289663553,0.973758578
7/26/2012,1.548706889,1.294433475,0.97381115
7/27/2012,1.568627477,1.300727606,0.968604624
7/28/2012,,,0.9707
7/29/2012,1.572821617,1.305624485,0.972017586
7/30/2012,1.572821617,1.305624485,0.972017586
7/31/2012,1.571338773,1.30893445,0.978279293
8/1/2012,1.566784143,1.306142211,0.97388351
8/2/2012,1.554484725,1.306027532,0.976590514
8/3/2012,1.551590323,1.305993915,0.979295969
8/4/2012,,,0.972112
8/5/2012,1.565410733,1.309948683,0.966249168
8/6/2012,1.565410733,1.309948683,0.966249168
8/7/2012,1.558797836,1.311397552,0.968818724
8/8/2012,1.561621547,1.309533834,0.972289085
8/9/2012,1.567029715,1.314469695,0.975678325
8/10/2012,1.56311059,1.316140056,0.985483408
8/11/2012,,,0.985266
8/12/2012,1.566906929,1.313683867,0.98656553
8/13/2012,1.566906929,1.313683867,0.98656553
8/14/2012,1.56788969,1.310258508,0.981462836
8/15/2012,1.567643881,1.307556033,0.982498765
8/16/2012,1.568135381,1.311060667,0.987769067
8/17/2012,1.573564053,1.314446211,0.985200167
8/18/2012,,,0.984585
8/19/2012,1.568873644,1.306948185,0.985329866
8/20/2012,1.568873644,1.306948185,0.985329866
8/21/2012,1.57109189,1.309015036,0.983510375
8/22/2012,1.577909231,1.30895102,0.972575903
8/23/2012,1.588360429,1.309954166,0.967289269
8/24/2012,1.585791349,1.301340699,0.96187973
8/25/2012,,,0.966339
8/26/2012,1.580303073,1.300710678,0.96803689
8/27/2012,1.580303073,1.300710678,0.96803689
8/28/2012,1.5792799,1.298137188,0.969999254
8/29/2012,1.582604051,1.299358964,0.967000663
8/30/2012,1.582779408,1.296684623,0.968468964
8/31/2012,1.579030514,1.288720727,0.966955423
9/1/2012,,,0.967725
9/2/2012,1.587301612,1.283635139,0.968357086
9/3/2012,1.587301612,1.283635139,0.968357086
9/4/2012,1.588057756,1.275717616,0.967336297
9/5/2012,1.586546183,1.274253488,0.971112967
9/6/2012,1.590583682,1.271265149,0.964602292
9/7/2012,1.593371511,1.278029203,0.970390737
9/8/2012,,,0.966769
9/9/2012,1.600819707,1.280969858,0.966370285
9/10/2012,1.600819707,1.280969858,0.966370285
9/11/2012,1.599206805,1.278005242,0.968686402
9/12/2012,1.607200265,1.28279078,0.964659989
9/13/2012,1.610824704,1.285890698,0.960045099
9/14/2012,1.615508795,1.290686846,0.965402126
9/15/2012,,,0.956842
9/16/2012,1.622586489,1.286345124,0.953426838
9/17/2012,1.622586489,1.286345124,0.953426838
9/18/2012,1.62469542,1.282064199,0.951462269
9/19/2012,1.624431491,1.280528545,0.952190399
9/20/2012,1.623113155,1.281628609,0.950051308
9/21/2012,1.622191548,1.277157426,0.955168545
9/22/2012,,,0.955663
9/23/2012,1.623113155,1.27825439,0.95448035
9/24/2012,1.623113155,1.27825439,0.95448035
9/25/2012,1.622586489,1.279414058,0.955703676
9/26/2012,1.619433165,1.27352047,0.956015527
9/27/2012,1.617861271,1.276580215,0.954074323
9/28/2012,1.623297572,1.279655933,0.955664277
9/29/2012,,,0.955421
9/30/2012,1.612487197,1.272678256,0.958646536
10/1/2012,1.612487197,1.272678256,0.958646536
10/2/2012,1.612903237,1.273363948,0.95564729
10/3/2012,1.613163471,1.263081193,0.952037394
10/4/2012,1.610046625,1.258352041,0.949761271
10/5/2012,1.61864686,1.258206844,0.949537337
10/6/2012,,,0.949919
10/7/2012,1.613892317,1.250447512,0.952672839
10/8/2012,1.613892317,1.250447512,0.952672839
10/9/2012,1.603412151,1.255349398,0.956095636
10/10/2012,1.599692941,1.25418961,0.961343229
10/11/2012,1.600768328,1.257962942,0.957470179
10/12/2012,1.604595542,1.259429812,0.956148684
10/13/2012,,,0.952944
10/14/2012,1.605909824,1.250268459,0.953347445
10/15/2012,1.605909824,1.250268459,0.953347445
10/16/2012,1.608104825,1.253953576,0.949953616
10/17/2012,1.613007307,1.256352901,0.936096191
10/18/2012,1.613710046,1.262506723,0.942854226
10/19/2012,1.605703354,1.264706492,0.938955963
10/20/2012,,,0.935199
10/21/2012,1.599795222,1.259942532,0.933344066
10/22/2012,1.599795222,1.259942532,0.933344066
10/23/2012,1.60228169,1.261892438,0.93363905
10/24/2012,1.594896436,1.257547736,0.93985486
10/25/2012,1.603155017,1.264856935,0.938336134
10/26/2012,1.611811399,1.263878703,0.939802468
10/27/2012,,,0.938182
10/28/2012,1.609528422,1.264520168,0.936549246
10/29/2012,1.609528422,1.264520168,0.936549246
10/30/2012,1.603078008,1.262691975,0.935535192
10/31/2012,1.607458591,1.263929367,0.932717025
11/1/2012,1.613423705,1.265460253,0.931330025
11/2/2012,1.613423705,1.270462751,0.935039639
11/3/2012,,,0.942444
11/4/2012,1.602101922,1.266186714,0.945058346
11/5/2012,1.602101922,1.266186714,0.945058346
11/6/2012,1.598465562,1.270528316,0.947072446
11/7/2012,1.599232435,1.275672555,0.950801432
11/8/2012,1.598209977,1.2731359,0.948820889
11/9/2012,1.597750306,1.273849607,0.945940316
11/10/2012,,,0.947016
11/11/2012,1.589420795,1.271881461,0.947699964
11/12/2012,1.589420795,1.271881461,0.947699964
11/13/2012,1.587805629,1.274749994,0.948375821
11/14/2012,1.587805629,1.276995063,0.945374012
11/15/2012,1.584108233,1.267958999,0.941817582
11/16/2012,1.586546183,1.265548587,0.941549182
11/17/2012,,,0.943945
11/18/2012,1.590558529,1.270189881,0.944173455
11/19/2012,1.590558529,1.270189881,0.944173455
11/20/2012,1.589420795,1.273852706,0.945581257
11/21/2012,1.59261024,1.271845102,0.943468213
11/22/2012,1.596933842,1.271267056,0.940315187
11/23/2012,1.594133496,1.271162629,0.937521935
11/24/2012,,,0.935454
11/25/2012,1.602795243,1.278336167,0.934350491
11/26/2012,1.602795243,1.278336167,0.934350491
11/27/2012,1.603334904,1.2787534,0.933735013
11/28/2012,1.6023072,1.277297854,0.93603909
11/29/2012,1.601537466,1.280050278,0.936687112
11/30/2012,1.604106545,1.272696853,0.934340417
12/1/2012,,,0.933462
12/2/2012,1.6023072,1.271972775,0.933172345
12/3/2012,1.6023072,1.271972775,0.933172345
12/4/2012,1.609787464,1.275365114,0.932780206
12/5/2012,1.6100986,1.275365114,0.932780206
12/6/2012,1.609321237,1.27288115,0.934059262
12/7/2012,1.605007648,1.278156519,0.940749943
12/8/2012,,,0.944551
12/9/2012,1.603566289,1.279414773,0.948292613
12/10/2012,1.603566289,1.279414773,0.948292613
12/11/2012,1.607406855,1.281319857,0.946370602
12/12/2012,1.611863256,1.28597331,0.94465518
12/13/2012,1.613684058,1.287175775,0.941092849
12/14/2012,1.611603498,1.286052823,0.93843925
12/15/2012,,,0.933189
12/16/2012,1.617599487,1.287959456,0.931381524
12/17/2012,1.617599487,1.287959456,0.931381524
12/18/2012,1.620482922,1.286430001,0.932988405
12/19/2012,1.62495935,1.280797005,0.925862014
12/20/2012,1.625223517,1.278190494,0.924021482
12/21/2012,1.627339363,1.27679193,0.923443019
12/22/2012,,,0.922245
12/23/2012,1.615691662,1.269676208,0.921807349
12/24/2012,1.615691662,1.269676208,0.921807349
12/25/2012,1.613163471,1.265616775,0.922828913
12/26/2012,1.613684058,1.26716125,0.924092054
12/27/2012,1.612643123,1.268495202,0.918787301
12/28/2012,1.611603498,1.26801753,0.917261541
12/29/2012,,,0.917178
12/30/2012,1.616292119,1.270835996,0.917739272
12/31/2012,1.616292119,1.270835996,0.917739272
1/1/2013,1.623640299,1.269407272,0.921975791
1/2/2013,1.62469542,1.269133687,0.921118855
1/3/2013,1.625249863,1.281148434,0.93118912
1/4/2013,1.608234167,1.282827735,0.938891113
1/5/2013,,,0.937238
1/6/2013,1.606787086,1.28737402,0.937666774
1/7/2013,1.606787086,1.28737402,0.937666774
1/8/2013,1.612201095,1.291931272,0.934354663
1/9/2013,1.606167674,1.291061282,0.936441898
1/10/2013,1.601537466,1.290419459,0.937465191
1/11/2013,1.616292119,1.293498397,0.929640055
1/12/2013,,,0.928617
1/13/2013,1.612695098,1.293131471,0.928288519
1/14/2013,1.612695098,1.293131471,0.928288519
1/15/2013,1.607717037,1.294393539,0.937554002
1/16/2013,1.607458591,1.294080377,0.946945786
1/17/2013,1.600256085,1.29181397,0.943920493
1/18/2013,1.597699404,1.2902174,0.946591556
1/19/2013,,,0.943147
1/20/2013,1.585539937,1.289220691,0.941582143
1/21/2013,1.585539937,1.289220691,0.941582143
1/22/2013,1.583782077,1.291998386,0.941200733
1/23/2013,1.583907604,1.296067476,0.936902583
1/24/2013,1.583280444,1.29255569,0.92987895
1/25/2013,1.578282833,1.285354495,0.927317142
1/26/2013,,,0.921817
1/27/2013,1.577510953,1.287090302,0.919696391
1/28/2013,1.577510953,1.287090302,0.919696391
1/29/2013,1.56985867,1.290449023,0.920668066
1/30/2013,1.574803114,1.292190075,0.921002746
1/31/2013,1.57977879,1.287632823,0.909000158
2/1/2013,1.58702445,1.29117322,0.912410975
2/2/2013,,,0.91049
2/3/2013,1.570499659,1.29313767,0.911115527
2/4/2013,1.570499659,1.29313767,0.911115527
2/5/2013,1.575547457,1.293434739,0.910885036
2/6/2013,1.566661477,1.285102725,0.911996961
2/7/2013,1.566416025,1.278547645,0.914013028
2/8/2013,1.571017861,1.27444458,0.920507193
2/9/2013,,,0.91656
2/10/2013,1.580228209,1.27748704,0.913891673
2/11/2013,1.580228209,1.27748704,0.913891673
2/12/2013,1.565680265,1.27424264,0.915753186
2/13/2013,1.567643881,1.280581951,0.915163159
2/14/2013,1.553301573,1.280129671,0.915870488
2/15/2013,1.548658848,1.278502941,0.921300828
2/16/2013,,,0.917312
2/17/2013,1.548011541,1.274808764,0.916410208
2/18/2013,1.548011541,1.274808764,0.916410208
2/19/2013,1.547748089,1.27842617,0.913636863
2/20/2013,1.542733788,1.280208707,0.911337256
2/21/2013,1.52299726,1.270988822,0.912479162
2/22/2013,1.526251554,1.276662588,0.914663315
2/23/2013,,,0.910996
2/24/2013,1.509730101,1.276157498,0.910282791
2/25/2013,1.509730101,1.276157498,0.910282791
2/26/2013,1.516415238,1.272902846,0.908161104
2/27/2013,1.512996674,1.267372131,0.908434808
2/28/2013,1.516760111,1.265015841,0.907235324
3/1/2013,1.516530156,1.264907002,0.909276128
3/2/2013,,,0.915968
3/3/2013,1.503601074,1.26698947,0.917191625
3/4/2013,1.503601074,1.26698947,0.917191625
3/5/2013,1.512859225,1.269872069,0.915980697
3/6/2013,1.513775349,1.278056741,0.916758418
3/7/2013,1.499677658,1.277216077,0.918911099
3/8/2013,1.502629638,1.278590918,0.915290475
3/9/2013,,,0.922836
3/10/2013,1.491001844,1.275506496,0.926181674
3/11/2013,1.491001844,1.275506496,0.926181674
3/12/2013,1.49053514,1.283596754,0.923840642
3/13/2013,1.49053514,1.287507057,0.923286915
3/14/2013,1.49253726,1.285753965,0.926715374
3/15/2013,1.509001255,1.296490431,0.926435828
3/16/2013,,,0.922144
3/17/2013,1.510756612,1.295375824,0.924027205
3/18/2013,1.510756612,1.295375824,0.924027205
3/19/2013,1.509889841,1.29830575,0.926628888
3/20/2013,1.509661794,1.296392202,0.922833502
3/21/2013,1.509661794,1.298141241,0.921021819
3/22/2013,1.518210888,1.303857684,0.923752844
3/23/2013,,,0.920523
3/24/2013,1.524599433,1.30243969,0.918117762
3/25/2013,1.524599433,1.30243969,0.918117762
3/26/2013,1.517911315,1.3015275,0.928350449
3/27/2013,1.516300201,1.299461722,0.93271029
3/28/2013,1.512905121,1.29793334,0.938785493
3/29/2013,1.519756913,1.292389393,0.934383273
3/30/2013,,,0.933368
3/31/2013,1.519595146,1.292232394,0.934192002
4/1/2013,1.519595146,1.292232394,0.934192002
4/2/2013,1.522301793,1.293161035,0.9308846
4/3/2013,1.510802269,1.295384169,0.935311139
4/4/2013,1.514004588,1.294835448,0.931617558
4/5/2013,1.522626281,1.292839766,0.928498089
4/6/2013,,,0.920641
4/7/2013,1.5349195,1.283179641,0.918361306
4/8/2013,1.5349195,1.283179641,0.918361306
4/9/2013,1.526251554,1.293569684,0.919043899
4/10/2013,1.532332182,1.299670577,0.917591035
4/11/2013,1.532567143,1.304701924,0.919807971
4/12/2013,1.539171934,1.303972602,0.920799911
4/13/2013,,,0.916648
4/14/2013,1.535390735,1.300774813,0.914846778
4/15/2013,1.535390735,1.300774813,0.914846778
4/16/2013,1.52973032,1.280233502,0.909064174
4/17/2013,1.536098242,1.281401396,0.902524889
4/18/2013,1.524390221,1.272937059,0.908780754
4/19/2013,1.528350949,1.272691727,0.909055412
4/20/2013,,,0.90943
4/21/2013,1.522533536,1.271189928,0.910043001
4/22/2013,1.522533536,1.271189928,0.910043001
4/23/2013,1.529987812,1.273467302,0.911126256
4/24/2013,1.52299726,1.273908257,0.920713127
4/25/2013,1.527977228,1.276637912,0.924068093
4/26/2013,1.543686271,1.275001287,0.926461816
4/27/2013,,,0.926801
4/28/2013,1.549186707,1.271275282,0.926857293
4/29/2013,1.549186707,1.271275282,0.926857293
4/30/2013,1.549426794,1.27604115,0.926262677
5/1/2013,1.553760171,1.276940584,0.923145652
5/2/2013,1.557195783,1.268766403,0.920174718
5/3/2013,1.553711772,1.266268015,0.924804628
5/4/2013,,,0.926949
5/5/2013,1.557875037,1.269739509,0.927591503
5/6/2013,1.557875037,1.269739509,0.927591503
5/7/2013,1.553760171,1.261172056,0.932253778
5/8/2013,1.54798758,1.254580259,0.936119378
5/9/2013,1.554291487,1.250114679,0.932482302
5/10/2013,1.544592381,1.242933869,0.942827821
5/11/2013,,,0.946373
5/12/2013,1.534189463,1.237943053,0.947238445
5/13/2013,1.534189463,1.237943053,0.947238445
5/14/2013,1.530901313,1.236593962,0.946545184
5/15/2013,1.522719026,1.231936216,0.947986543
5/16/2013,1.52399528,1.232930779,0.950566292
5/17/2013,1.527697206,1.229045987,0.947079062
5/18/2013,,,0.945886
5/19/2013,1.518118739,1.22745657,0.943779767
5/20/2013,1.518118739,1.22745657,0.943779767
5/21/2013,1.526228189,1.230520129,0.943582177
5/22/2013,1.516001344,1.235565543,0.944265902
5/23/2013,1.503510714,1.225753665,0.944721818
5/24/2013,1.509502411,1.225004792,0.940104723
5/25/2013,,,0.93275
5/26/2013,1.513111115,1.218610287,0.931871235
5/27/2013,1.513111115,1.218610287,0.931871235
5/28/2013,1.510893583,1.214058876,0.930736065
5/29/2013,1.502606988,1.215530515,0.938785374
5/30/2013,1.513133883,1.219610572,0.928964913
5/31/2013,1.522904515,1.217559457,0.925742567
6/1/2013,,,0.92238
6/2/2013,1.520912528,1.213953137,0.92401284
6/3/2013,1.520912528,1.213953137,0.92401284
6/4/2013,1.532144427,1.221544862,0.921423674
6/5/2013,1.530385852,1.209779978,0.916408896
6/6/2013,1.540333748,1.188867688,0.910655618
6/7/2013,1.560257196,1.187262058,0.904603422
6/8/2013,,,0.914242
6/9/2013,1.553108573,1.17912972,0.917413175
6/10/2013,1.553108573,1.17912972,0.917413175
6/11/2013,1.553108573,1.190021753,0.915930986
6/12/2013,1.553108573,1.185364246,0.907608986
6/13/2013,1.568135381,1.18999815,0.902018428
6/14/2013,1.571388125,1.203806877,0.90810281
6/15/2013,,,0.906369
6/16/2013,1.572302341,1.196782589,0.906756639
6/17/2013,1.572302341,1.196782589,0.906756639
6/18/2013,1.571783423,1.197756886,0.905369639
6/19/2013,1.563697219,1.1973629,0.900753677
6/20/2013,1.548251271,1.176816702,0.903658748
6/21/2013,1.551710725,1.171553493,0.892712533
6/22/2013,,,0.893485
6/23/2013,1.538911343,1.176687956,0.893511474
6/24/2013,1.538911343,1.176687956,0.893511474
6/25/2013,1.544735432,1.180763245,0.888216794
6/26/2013,1.54168725,1.17664659,0.89262116
6/27/2013,1.532590508,1.182556272,0.900088787
6/28/2013,1.525832295,1.175737858,0.901784718
6/29/2013,,,0.899059
6/30/2013,1.520473242,1.158490062,0.89896518
7/1/2013,1.520473242,1.158490062,0.89896518
7/2/2013,1.521653056,1.168170571,0.900142908
7/3/2013,1.515289307,1.162523985,0.901213527
7/4/2013,1.527440429,1.157446742,0.901266277
7/5/2013,1.503895044,1.16445744,0.908961356
7/6/2013,,,0.910634
7/7/2013,1.487940192,1.160833716,0.913011789
7/8/2013,1.487940192,1.160833716,0.913011789
7/9/2013,1.495371819,1.168969989,0.912873089
7/10/2013,1.486149073,1.171093464,0.924083591
7/11/2013,1.518003464,1.170021415,0.90761894
7/12/2013,1.5178653,1.155597329,0.913139522
7/13/2013,,,0.911534
7/14/2013,1.510368705,1.145203114,0.910893023
7/15/2013,1.510368705,1.145203114,0.910893023
7/16/2013,1.510003805,1.147531509,0.908794641
7/17/2013,1.513844013,1.163265824,0.905954897
7/18/2013,1.520982027,1.16349709,0.904418409
7/19/2013,1.522209048,1.162590623,0.90987581
7/20/2013,,,0.907928
7/21/2013,1.52849102,1.164451003,0.907369852
7/22/2013,1.52849102,1.164451003,0.907369852
7/23/2013,1.536523104,1.166280746,0.905621707
7/24/2013,1.537491798,1.173543811,0.908454776
7/25/2013,1.530854344,1.159134507,0.908994913
7/26/2013,1.53817749,1.16865015,0.904005408
7/27/2013,,,0.903547
7/28/2013,1.539242983,1.168937445,0.903595865
7/29/2013,1.539242983,1.168937445,0.903595865
7/30/2013,1.534165859,1.165391684,0.907123387
7/31/2013,1.524204373,1.152295351,0.902438581
8/1/2013,1.517496705,1.137402654,0.900427938
8/2/2013,1.512035728,1.140758276,0.905025601
8/3/2013,,,0.89691
8/4/2013,1.52872479,1.131659031,0.894536674
8/5/2013,1.52872479,1.131659031,0.894536674
8/6/2013,1.535390735,1.130451083,0.895502687
8/7/2013,1.534495473,1.138534904,0.891824186
8/8/2013,1.549690843,1.140313148,0.884184659
8/9/2013,1.553591013,1.147149324,0.890888035
8/10/2013,,,0.895081
8/11/2013,1.5513978,1.155267715,0.896625459
8/12/2013,1.5513978,1.155267715,0.896625459
8/13/2013,1.545810103,1.151868701,0.898333073
8/14/2013,1.545069695,1.152584195,0.901554465
8/15/2013,1.551614404,1.160429716,0.903849363
8/16/2013,1.564210892,1.158370614,0.898203313
8/17/2013,,,0.896836
8/18/2013,1.5625,1.168564916,0.897318006
8/19/2013,1.5625,1.168564916,0.897318006
8/20/2013,1.564896226,1.164731026,0.893378437
8/21/2013,1.566391587,1.155668259,0.882000983
8/22/2013,1.561670423,1.152132988,0.880759299
8/23/2013,1.559721828,1.155537486,0.878221154
8/24/2013,,,0.87755
8/25/2013,1.558093548,1.154378891,0.876901865
8/26/2013,1.558093548,1.154378891,0.876901865
8/27/2013,1.558481932,1.154795289,0.878050208
8/28/2013,1.554798841,1.149042726,0.874219596
8/29/2013,1.552746773,1.14241755,0.879337788
8/30/2013,1.550652027,1.138623476,0.883670092
8/31/2013,,,0.882938
9/1/2013,1.551903367,1.138911128,0.884801209
9/2/2013,1.551903367,1.138911128,0.884801209
9/3/2013,1.554702163,1.146179438,0.88586247
9/4/2013,1.556371808,1.156928062,0.888673723
9/5/2013,1.562206984,1.168971896,0.891482413
9/6/2013,1.558992386,1.167800426,0.899961889
9/7/2013,,,0.901223
9/8/2013,1.563599467,1.172632098,0.901478887
9/9/2013,1.563599467,1.172632098,0.901478887
9/10/2013,1.569760084,1.171436548,0.899113059
9/11/2013,1.573291779,1.179064393,0.903023243
9/12/2013,1.582604051,1.181067944,0.902140915
9/13/2013,1.580452919,1.173999667,0.901674926
9/14/2013,,,0.899289
9/15/2013,1.593625546,1.177932143,0.897292852
9/16/2013,1.593625546,1.177932143,0.897292852
9/17/2013,1.590305567,1.17600441,0.898184836
9/18/2013,1.590507865,1.178205848,0.89946574
9/19/2013,1.613319516,1.182837844,0.892488539
9/20/2013,1.603797793,1.176896214,0.886789203
9/21/2013,,,0.884297
9/22/2013,1.601691365,1.175742745,0.884180248
9/23/2013,1.601691365,1.175742745,0.884180248
9/24/2013,1.604157925,1.178552508,0.885315537
9/25/2013,1.59959054,1.177552462,0.886288404
9/26/2013,1.607381105,1.174309254,0.881703079
9/27/2013,1.603746414,1.174803376,0.882649601
9/28/2013,,,0.879458
9/29/2013,1.616893291,1.169193625,0.877812207
9/30/2013,1.616893291,1.169193625,0.877812207
10/1/2013,1.618699193,1.169903994,0.876914322
10/2/2013,1.619223475,1.176014304,0.876865745
10/3/2013,1.623561025,1.171942234,0.873737216
10/4/2013,1.615691662,1.17405057,0.870280921
10/5/2013,,,0.878177
10/6/2013,1.603592038,1.177289963,0.87903446
10/7/2013,1.603592038,1.177289963,0.87903446
10/8/2013,1.612097144,1.179790258,0.871038079
10/9/2013,1.612097144,1.179790258,0.871038079
10/10/2013,1.595507026,1.181194544,0.876135349
10/11/2013,1.598005772,1.180933595,0.874996424
10/12/2013,,,0.879068
10/13/2013,1.597112417,1.178129435,0.877895832
10/14/2013,1.597112417,1.178129435,0.877895832
10/15/2013,1.59718895,1.183068514,0.880272448
10/16/2013,1.598465562,1.185102582,0.880539834
10/17/2013,1.59438777,1.187421322,0.885166585
10/18/2013,1.614934921,1.191911817,0.876881301
10/19/2013,,,0.876771
10/20/2013,1.61720705,1.196763635,0.876333237
10/21/2013,1.61720705,1.196763635,0.876333237
10/22/2013,1.613527894,1.199401498,0.875492454
10/23/2013,1.623271227,1.198748589,0.869776368
10/24/2013,1.616370678,1.193897128,0.859755278
10/25/2013,1.620089054,1.190551281,0.856476367
10/26/2013,,,0.854743
10/27/2013,1.617390156,1.18604207,0.854803145
10/28/2013,1.617390156,1.18604207,0.854803145
10/29/2013,1.614179015,1.181653261,0.857561469
10/30/2013,1.604827285,1.176616192,0.859174609
10/31/2013,1.602615476,1.174216151,0.859181225
11/1/2013,1.604466796,1.174839139,0.870131433
11/2/2013,,,0.874111
11/3/2013,1.592382073,1.176713467,0.875951648
11/4/2013,1.592382073,1.176713467,0.875951648
11/5/2013,1.597239971,1.181594133,0.873057783
11/6/2013,1.604801536,1.181160808,0.874162734
11/7/2013,1.608544588,1.183908224,0.875163198
11/8/2013,1.608880997,1.17689836,0.876956463
11/9/2013,,,0.878688
11/10/2013,1.600486636,1.169005871,0.880206406
11/11/2013,1.600486636,1.169005871,0.880206406
11/12/2013,1.598695517,1.169304371,0.878195047
11/13/2013,1.589092493,1.162110329,0.874310136
11/14/2013,1.604904532,1.166395068,0.874430418
11/15/2013,1.605806708,1.160813689,0.87679708
11/16/2013,,,0.876314
11/17/2013,1.611395717,1.167822361,0.876990259
11/18/2013,1.611395717,1.167822361,0.876990259
11/19/2013,1.611525655,1.168019176,0.874932885
11/20/2013,1.613892317,1.172925591,0.86917603
11/21/2013,1.610020757,1.162667871,0.87705183
11/22/2013,1.618699193,1.153496981,0.869003057
11/23/2013,,,0.863245
11/24/2013,1.623113155,1.145655394,0.860075891
11/25/2013,1.623113155,1.145655394,0.860075891
11/26/2013,1.616710305,1.148795724,0.864960313
11/27/2013,1.620982051,1.141483426,0.860201299
11/28/2013,1.628293276,1.140089035,0.857552886
11/29/2013,1.634093761,1.140615821,0.855824292
11/30/2013,,,0.854001
12/1/2013,1.637786984,1.144658327,0.853312433
12/2/2013,1.637786984,1.144658327,0.853312433
12/3/2013,1.635991812,1.144972324,0.853852689
12/4/2013,1.638887525,1.144396782,0.849891901
12/5/2013,1.637813807,1.133056402,0.84523958
12/6/2013,1.633399844,1.136403918,0.842115164
12/7/2013,,,0.839167
12/8/2013,1.632892966,1.138818145,0.837425649
12/9/2013,1.632892966,1.138818145,0.837425649
12/10/2013,1.642521501,1.13537848,0.83688283
12/11/2013,1.645575881,1.142092705,0.836413682
12/12/2013,1.637626171,1.132537007,0.837164938
12/13/2013,1.63398695,1.121510148,0.835696578
12/14/2013,,,0.838928
12/15/2013,1.63049686,1.123724341,0.840188444
12/16/2013,1.63049686,1.123724341,0.840188444
12/17/2013,1.629965305,1.122568011,0.837439835
12/18/2013,1.627789617,1.121562958,0.834553242
12/19/2013,1.638699532,1.116430759,0.834657073
12/20/2013,1.636473775,1.122160316,0.841806471
12/21/2013,,,0.842043
12/22/2013,1.633159637,1.129684091,0.841328263
12/23/2013,1.633159637,1.129684091,0.841328263
12/24/2013,1.635028839,1.131586075,0.841745794
12/25/2013,1.637089849,1.13157475,0.842388868
12/26/2013,1.635403275,1.130087376,0.842807055
12/27/2013,1.641631842,1.127752542,0.841613352
12/28/2013,,,0.833913
12/29/2013,1.648233891,1.124076843,0.832539439
12/30/2013,1.648233891,1.124076843,0.832539439
12/31/2013,1.649511814,1.130122304,0.833442926
1/1/2014,1.656396985,1.125354409,0.840629816
1/2/2014,1.658072233,1.123963952,0.837521672
1/3/2014,1.644790888,1.128384471,0.842751443
1/4/2014,,,0.849711
1/5/2014,1.641308546,1.135422349,0.851352274
1/6/2014,1.641308546,1.135422349,0.851352274
1/7/2014,1.641793609,1.136316299,0.847733319
1/8/2014,1.640016437,1.133752465,0.844073176
1/9/2014,1.644709826,1.131916881,0.84224242
1/10/2014,1.647907972,1.130527496,0.836188734
1/11/2014,,,0.830478
1/12/2014,1.649430037,1.138720036,0.827211738
1/13/2014,1.649430037,1.138720036,0.827211738
1/14/2014,1.638994932,1.145058751,0.826318741
1/15/2014,1.643412352,1.136947751,0.8248685
1/16/2014,1.636179209,1.133582711,0.830456197
1/17/2014,1.635296345,1.12175858,0.827643573
1/18/2014,,,0.829567
1/19/2014,1.641793609,1.118925929,0.831190169
1/20/2014,1.641793609,1.118925929,0.831190169
1/21/2014,1.642413616,1.123842239,0.831653357
1/22/2014,1.647527814,1.125598788,0.829959869
1/23/2014,1.656205058,1.131452322,0.821671784
1/24/2014,1.663478374,1.120586991,0.808087945
1/25/2014,,,0.807307
1/26/2014,1.649049282,1.111851215,0.807991326
1/27/2014,1.649049282,1.111851215,0.807991326
1/28/2014,1.657495141,1.114285707,0.806497812
1/29/2014,1.65700078,1.119254827,0.807096779
1/30/2014,1.65590322,1.116552949,0.800465047
1/31/2014,1.649838328,1.121092439,0.808962047
2/1/2014,,,0.812477
2/2/2014,1.643790603,1.11842382,0.815020323
2/3/2014,1.643790603,1.11842382,0.815020323
2/4/2014,1.630895615,1.115908265,0.811515272
2/5/2014,1.633053064,1.130558014,0.815573514
2/6/2014,1.632706404,1.132017851,0.815978348
2/7/2014,1.632200003,1.135057807,0.813703299
2/8/2014,,,0.814169
2/9/2014,1.641039133,1.134571075,0.814359069
2/10/2014,1.641039133,1.134571075,0.814359069
2/11/2014,1.640877485,1.136349916,0.810962379
2/12/2014,1.644872189,1.143139362,0.815922379
2/13/2014,1.660991549,1.142099023,0.819245219
2/14/2014,1.665722728,1.136037111,0.81386131
2/15/2014,,,0.813122
2/16/2014,1.676136851,1.140179396,0.812631011
2/17/2014,1.676136851,1.140179396,0.812631011
2/18/2014,1.671989202,1.138123155,0.813892007
2/19/2014,1.668613315,1.137966752,0.810718238
2/20/2014,1.667583823,1.137320042,0.802908778
2/21/2014,1.666166902,1.139030576,0.800913215
2/22/2014,,,0.798921
2/23/2014,1.663339972,1.137498975,0.798506141
2/24/2014,1.663339972,1.137498975,0.798506141
2/25/2014,1.665694952,1.141174793,0.803640544
2/26/2014,1.66772294,1.139210701,0.800259888
2/27/2014,1.666833401,1.134922862,0.79974854
2/28/2014,1.669198394,1.133144021,0.798615456
3/1/2014,,,0.795888
3/2/2014,1.672912121,1.129849672,0.795125782
3/3/2014,1.672912121,1.129849672,0.795125782
3/4/2014,1.666833401,1.133443475,0.796770692
3/5/2014,1.666694403,1.136246443,0.800234437
3/6/2014,1.671905398,1.139476299,0.804591775
3/7/2014,1.674172521,1.150091171,0.801223397
3/8/2014,,,0.79382
3/9/2014,1.67310822,1.148659468,0.791457772
3/10/2014,1.67310822,1.148659468,0.791457772
3/11/2014,1.664004207,1.144174695,0.789577365
3/12/2014,1.662068248,1.136354685,0.789838552
3/13/2014,1.662123561,1.139994502,0.786303461
3/14/2014,1.662510514,1.143769264,0.789750159
3/15/2014,,,0.786855
3/16/2014,1.664253473,1.142501116,0.786186218
3/17/2014,1.664253473,1.142501116,0.786186218
3/18/2014,1.663921237,1.148582697,0.789744973
3/19/2014,1.659806132,1.154014111,0.784683406
3/20/2014,1.65390408,1.149973035,0.784047008
3/21/2014,1.650873303,1.154338479,0.785695255
3/22/2014,,,0.786461
3/23/2014,1.649022222,1.158266664,0.785830677
3/24/2014,1.649022222,1.158266664,0.785830677
3/25/2014,1.649838328,1.160202622,0.786442816
3/26/2014,1.653302431,1.161728024,0.790962756
3/27/2014,1.657687426,1.168077111,0.797542155
3/28/2014,1.66079855,1.170670033,0.803791642
3/29/2014,,,0.802678
3/30/2014,1.664391994,1.16612637,0.802533925
3/31/2014,1.664391994,1.16612637,0.802533925
4/1/2014,1.66663897,1.166363835,0.800036192
4/2/2014,1.663312316,1.163848877,0.800915837
4/3/2014,1.662731528,1.166774511,0.803799093
4/4/2014,1.659888744,1.165774226,0.807232141
4/5/2014,,,0.811744
4/6/2014,1.657907486,1.169500113,0.812029243
4/7/2014,1.657907486,1.169500113,0.812029243
4/8/2014,1.661046863,1.167176366,0.808746696
4/9/2014,1.675013781,1.170347929,0.80862844
4/10/2014,1.679994583,1.169211149,0.808722377
4/11/2014,1.677739739,1.174288034,0.801214635
4/12/2014,,,0.79864
4/13/2014,1.672968149,1.171750307,0.798910379
4/14/2014,1.672968149,1.171750307,0.798910379
4/15/2014,1.672912121,1.179341078,0.80251646
4/16/2014,1.672548413,1.170671821,0.801454723
4/17/2014,1.68058753,1.171728611,0.800599515
4/18/2014,1.678669214,1.168899894,0.80209142
4/19/2014,,,0.801646
4/20/2014,1.679176569,1.168844461,0.801303029
4/21/2014,1.679176569,1.168844461,0.801303029
4/22/2014,1.679289341,1.169623733,0.803421736
4/23/2014,1.68268013,1.176724195,0.802417815
4/24/2014,1.678500056,1.165966988,0.800924659
4/25/2014,1.680954695,1.165662527,0.799936473
4/26/2014,,,0.798825
4/27/2014,1.680559278,1.16499114,0.798169315
4/28/2014,1.680559278,1.16499114,0.798169315
4/29/2014,1.681011319,1.162607431,0.798432589
4/30/2014,1.68242538,1.164246082,0.806428134
5/1/2014,1.687649727,1.163126588,0.802553535
5/2/2014,1.689531565,1.162244916,0.801875353
5/3/2014,,,0.800807
5/4/2014,1.687906146,1.160578847,0.799562693
5/5/2014,1.687906146,1.160578847,0.799562693
5/6/2014,1.686995029,1.15978837,0.800952733
5/7/2014,1.697677612,1.165999651,0.802736759
5/8/2014,1.695547581,1.165025711,0.803936541
5/9/2014,1.693537354,1.168293834,0.812358081
5/10/2014,,,0.813341
5/11/2014,1.686027765,1.169437408,0.813543797
5/12/2014,1.686027765,1.169437408,0.813543797
5/13/2014,1.687365055,1.170420289,0.814507306
5/14/2014,1.683416605,1.172260642,0.81569773
5/15/2014,1.677008152,1.171483397,0.816919148
5/16/2014,1.679543257,1.171701193,0.818775237
5/17/2014,,,0.820904
5/18/2014,1.68242538,1.171175599,0.821031153
5/19/2014,1.68242538,1.171175599,0.821031153
5/20/2014,1.681689739,1.167329431,0.820491314
5/21/2014,1.683728456,1.157050371,0.817379236
5/22/2014,1.689702988,1.155851126,0.818504989
5/23/2014,1.686738849,1.155061364,0.821096122
5/24/2014,,,0.823725
5/25/2014,1.683416605,1.157669544,0.823976398
5/26/2014,1.683416605,1.157669544,0.823976398
5/27/2014,1.68438077,1.159779787,0.824115634
5/28/2014,1.681209087,1.163744926,0.825870574
5/29/2014,1.671597838,1.158790946,0.826331794
5/30/2014,1.672436476,1.167513967,0.828504384
5/31/2014,,,0.82607
6/1/2014,1.675659418,1.166511655,0.825869203
6/2/2014,1.675659418,1.166511655,0.825869203
6/3/2014,1.674593091,1.161112189,0.824173152
6/4/2014,1.674116611,1.163795471,0.821454823
6/5/2014,1.674004316,1.166484356,0.819669127
6/6/2014,1.681011319,1.168569326,0.816524446
6/7/2014,,,0.817182
6/8/2014,1.680192113,1.168194532,0.817542791
6/9/2014,1.680192113,1.168194532,0.817542791
6/10/2014,1.680389881,1.168192863,0.822492242
6/11/2014,1.675322533,1.171096444,0.825319767
6/12/2014,1.678979158,1.172961831,0.827643991
6/13/2014,1.695892572,1.176190019,0.827260971
6/14/2014,,,0.828659
6/15/2014,1.697792888,1.174549103,0.829218864
6/16/2014,1.697792888,1.174549103,0.829218864
6/17/2014,1.697850466,1.174830914,0.826796651
6/18/2014,1.695978761,1.170018792,0.82774812
6/19/2014,1.699870706,1.173801422,0.827041984
6/20/2014,1.70401299,1.174374938,0.826291978
6/21/2014,,,0.830543
6/22/2014,1.702272415,1.172824621,0.832896173
6/23/2014,1.702272415,1.172824621,0.832896173
6/24/2014,1.702533245,1.175866604,0.833527446
6/25/2014,1.698052406,1.170166731,0.831955671
6/26/2014,1.698600292,1.174915314,0.832594931
6/27/2014,1.702533245,1.175959587,0.835635841
6/28/2014,,,0.835439
6/29/2014,1.703403473,1.176862121,0.8354038
6/30/2014,1.703403473,1.176862121,0.8354038
7/1/2014,1.710981011,1.175586939,0.830971777
7/2/2014,1.714854002,1.182078719,0.834584057
7/3/2014,1.716090083,1.176856279,0.833620846
7/4/2014,1.71526587,1.165937424,0.839815736
7/5/2014,,,0.839916
7/6/2014,1.715148211,1.165880322,0.840187788
7/7/2014,1.715148211,1.165880322,0.840187788
7/8/2014,1.713443637,1.168178797,0.836172998
7/9/2014,1.7140311,1.169461727,0.836277127
7/10/2014,1.715854526,1.169140935,0.836432159
7/11/2014,1.713091493,1.165587187,0.838246524
7/12/2014,,,0.833185
7/13/2014,1.712299466,1.164736748,0.831998825
7/14/2014,1.712299466,1.164736748,0.831998825
7/15/2014,1.708788276,1.165749192,0.832104623
7/16/2014,1.714383721,1.164522529,0.832264543
7/17/2014,1.71397233,1.163319588,0.836357176
7/18/2014,1.709518671,1.162913799,0.834287345
7/19/2014,,,0.836425
7/20/2014,1.709109545,1.165846229,0.836060107
7/21/2014,1.709109545,1.165846229,0.836060107
7/22/2014,1.707358837,1.161236525,0.836220324
7/23/2014,1.70654285,1.163759351,0.840119243
7/24/2014,1.704100013,1.168013453,0.84069562
7/25/2014,1.699177623,1.16791594,0.840013027
7/26/2014,,,0.837658
7/27/2014,1.69819653,1.167074084,0.836908519
7/28/2014,1.69819653,1.167074084,0.836908519
7/29/2014,1.698456168,1.168677688,0.837201297
7/30/2014,1.694742918,1.166285038,0.835746467
7/31/2014,1.691017389,1.160738707,0.833134651
8/1/2014,1.689160585,1.160520911,0.833081126
8/2/2014,,,0.830393
8/3/2014,1.682991743,1.161044836,0.829594553
8/4/2014,1.682991743,1.161044836,0.829594553
8/5/2014,1.68676722,1.162855864,0.831312895
8/6/2014,1.687820673,1.161077499,0.829403102
8/7/2014,1.685487986,1.166585565,0.831482887
8/8/2014,1.682991743,1.160415173,0.831465662
8/9/2014,,,0.826467
8/10/2014,1.677711487,1.160387874,0.825838804
8/11/2014,1.677711487,1.160387874,0.825838804
8/12/2014,1.678753734,1.157689452,0.829739869
8/13/2014,1.680700421,1.159312248,0.830779552
8/14/2014,1.668975353,1.162332535,0.831341982
8/15/2014,1.668669105,1.16093719,0.831406236
8/16/2014,,,0.829178
8/17/2014,1.672017217,1.159768939,0.829411626
8/18/2014,1.672017217,1.159768939,0.829411626
8/19/2014,1.672352672,1.160451174,0.832575798
8/20/2014,1.662151217,1.159655929,0.831071019
8/21/2014,1.66002655,1.161744237,0.832944334
8/22/2014,1.65798986,1.162405729,0.832846045
8/23/2014,,,0.834467
8/24/2014,1.655190706,1.163141727,0.835644424
8/25/2014,1.655190706,1.163141727,0.835644424
8/26/2014,1.657028317,1.160410047,0.833257496
8/27/2014,1.654779911,1.163840532,0.837945163
8/28/2014,1.657632589,1.164438486,0.841923118
8/29/2014,1.658952594,1.168771625,0.842966378
8/30/2014,,,0.844138
8/31/2014,1.659255266,1.165441275,0.844889283
9/1/2014,1.659255266,1.165441275,0.844889283
9/2/2014,1.661598802,1.16650486,0.845799983
9/3/2014,1.646876693,1.163223743,0.841143608
9/4/2014,1.646198869,1.168824077,0.84294641
9/5/2014,1.629407525,1.172402143,0.857047081
9/6/2014,,,0.855856
9/7/2014,1.621244788,1.17394197,0.855358064
9/8/2014,1.621244788,1.17394197,0.855358064
9/9/2014,1.609502554,1.167888165,0.852472484
9/10/2014,1.61246109,1.161845207,0.849522471
9/11/2014,1.620089054,1.156304359,0.855681419
9/12/2014,1.625197053,1.149717927,0.848125637
9/13/2014,,,0.843209
9/14/2014,1.625804782,1.139899015,0.842160404
9/15/2014,1.625804782,1.139899015,0.842160404
9/16/2014,1.622902393,1.142065763,0.846682191
9/17/2014,1.62659812,1.145157218,0.849995375
9/18/2014,1.626809716,1.136866212,0.855958045
9/19/2014,1.643709421,1.13862741,0.853919327
9/20/2014,,,0.857386
9/21/2014,1.631986976,1.132242441,0.858955741
9/22/2014,1.631986976,1.132242441,0.858955741
9/23/2014,1.637197018,1.12643826,0.851314008
9/24/2014,1.639371157,1.122963071,0.848572731
9/25/2014,1.632413149,1.123434067,0.854103804
9/26/2014,1.633132935,1.117751241,0.852476656
9/27/2014,,,0.85275
9/28/2014,1.623824716,1.114143372,0.852740943
9/29/2014,1.623824716,1.114143372,0.852740943
9/30/2014,1.624220371,1.110765338,0.852091491
10/1/2014,1.621376157,1.114844799,0.852237284
10/2/2014,1.619223475,1.112773895,0.857506752
10/3/2014,1.616004944,1.118751168,0.855055571
10/4/2014,,,0.859034
10/5/2014,1.596398473,1.110188007,0.859490037
10/6/2014,1.596398473,1.110188007,0.859490037
10/7/2014,1.607510209,1.118740559,0.860523164
10/8/2014,1.608906865,1.123568296,0.857680619
10/9/2014,1.616292119,1.125192285,0.856885552
10/10/2014,1.612279177,1.114695072,0.853334606
10/11/2014,,,0.854323
10/12/2014,1.609295368,1.106100798,0.854686022
10/13/2014,1.609295368,1.106100798,0.854686022
10/14/2014,1.60668385,1.112941146,0.847746551
10/15/2014,1.589142919,1.11141777,0.844038904
10/16/2014,1.599206805,1.119027495,0.835752487
10/17/2014,1.609606147,1.117763162,0.837137043
10/18/2014,,,0.83898
10/19/2014,1.609217525,1.115895867,0.838855445
10/20/2014,1.609217525,1.115895867,0.838855445
10/21/2014,1.615900517,1.11491406,0.835193038
10/22/2014,1.611499548,1.115323186,0.845386505
10/23/2014,1.604492545,1.116114378,0.848044455
10/24/2014,1.6029495,1.117276788,0.849852979
10/25/2014,,,0.848041
10/26/2014,1.609295368,1.123058677,0.846814334
10/27/2014,1.609295368,1.123058677,0.846814334
10/28/2014,1.612487197,1.122204661,0.843883336
10/29/2014,1.614283204,1.127673984,0.847600341
10/30/2014,1.600563407,1.120938182,0.853185594
10/31/2014,1.600102425,1.127205968,0.854118228
11/1/2014,,,0.854545
11/2/2014,1.597367525,1.126383066,0.854434311
11/3/2014,1.597367525,1.126383066,0.854434311
11/4/2014,1.597877979,1.121850371,0.849387228
11/5/2014,1.600640178,1.127229095,0.842015684
11/6/2014,1.596474886,1.109909058,0.846457005
11/7/2014,1.584133387,1.109238029,0.851369202
11/8/2014,,,0.852245
11/9/2014,1.588511944,1.113736153,0.852183998
11/10/2014,1.588511944,1.113736153,0.852183998
11/11/2014,1.585338831,1.113591552,0.851048827
11/12/2014,1.59261024,1.12449944,0.850891113
11/13/2014,1.576889157,1.124429345,0.854051709
11/14/2014,1.570228457,1.125314474,0.846674263
11/15/2014,,,0.849282
11/16/2014,1.56663692,1.136547446,0.849885285
11/17/2014,1.56663692,1.136547446,0.849885285
11/18/2014,1.564088583,1.130688787,0.854183197
11/19/2014,1.562866211,1.130708933,0.846596837
11/20/2014,1.567349076,1.120161653,0.844136059
11/21/2014,1.569489121,1.121576428,0.847378135
11/22/2014,,,0.859852
11/23/2014,1.564871788,1.127452612,0.865167081
11/24/2014,1.564871788,1.127452612,0.865167081
11/25/2014,1.569710851,1.121340752,0.856586039
11/26/2014,1.572104573,1.111945987,0.856641173
11/27/2014,1.578905821,1.107568145,0.85420233
11/28/2014,1.572475314,1.10820055,0.850727618
11/29/2014,,,0.846678
11/30/2014,1.561207175,1.102725506,0.844865084
12/1/2014,1.561207175,1.102725506,0.844865084
12/2/2014,1.573440313,1.107198,0.852199674
12/3/2014,1.564651489,1.108849406,0.852456212
12/4/2014,1.569415331,1.10223484,0.85998559
12/5/2014,1.567865014,1.10005033,0.852375567
12/6/2014,,,0.855077
12/7/2014,1.556565523,1.09839642,0.854696333
12/8/2014,1.556565523,1.09839642,0.854696333
12/9/2014,1.565165639,1.09453845,0.850301802
12/10/2014,1.568799734,1.092048526,0.848325849
12/11/2014,1.574704051,1.090915918,0.841248751
12/12/2014,1.57225287,1.083503842,0.840757132
12/13/2014,,,0.834305
12/14/2014,1.572796822,1.076323867,0.833416939
12/15/2014,1.572796822,1.076323867,0.833416939
12/16/2014,1.564529061,1.077528477,0.828141928
12/17/2014,1.574530363,1.071319342,0.825051606
12/18/2014,1.557341337,1.066124916,0.836455822
12/19/2014,1.567005157,1.074041605,0.845722139
12/20/2014,,,0.847463
12/21/2014,1.562963963,1.07192564,0.847498477
12/22/2014,1.562963963,1.07192564,0.847498477
12/23/2014,1.557778001,1.071757078,0.845454156
12/24/2014,1.55221653,1.074770808,0.850060284
12/25/2014,1.556202292,1.072672606,0.848529696
12/26/2014,1.556202292,1.07244575,0.847736239
12/27/2014,,,0.849176
12/28/2014,1.555355072,1.074133515,0.849704623
12/29/2014,1.555355072,1.074133515,0.849704623
12/30/2014,1.551590323,1.077217221,0.849991024
12/31/2014,1.556904793,1.08138144,0.851837158
1/1/2015,1.558093548,1.0817945,0.855914056
1/2/2015,1.557972074,1.082580924,0.855949759
1/3/2015,,,0.852004
1/4/2015,1.52849102,1.076442003,0.852878869
1/5/2015,1.52849102,1.076442003,0.852878869
1/6/2015,1.525832295,1.080754995,0.85583055
1/7/2015,1.513798237,1.077908874,0.854354978
1/8/2015,1.510756612,1.079916,0.85860312
1/9/2015,1.508796334,1.085459352,0.860958517
1/10/2015,,,0.856509
1/11/2015,1.518948913,1.094565034,0.854267418
1/12/2015,1.518948913,1.094565034,0.854267418
1/13/2015,1.517036319,1.088075638,0.848011374
1/14/2015,1.517036319,1.089970589,0.852816999
1/15/2015,1.523438096,1.086365819,0.852875173
1/16/2015,1.518118739,1.088536263,0.714500785
1/17/2015,,,0.717423
1/18/2015,1.514210939,1.091517925,0.716941178
1/19/2015,1.514210939,1.091517925,0.716941178
1/20/2015,1.509001255,1.092558622,0.735817611
1/21/2015,1.514738441,1.092716575,0.721796989
1/22/2015,1.514486074,1.081918359,0.69711107
1/23/2015,1.501321197,1.074544907,0.703994453
1/24/2015,,,0.707137
1/25/2015,1.499587655,1.060478806,0.70731312
1/26/2015,1.499587655,1.060478806,0.70731312
1/27/2015,1.508545876,1.064319134,0.722235978
1/28/2015,1.518810391,1.060915709,0.725512326
1/29/2015,1.514233828,1.068389893,0.72432524
1/30/2015,1.50790906,1.052692652,0.731446326
1/31/2015,,,0.725405
2/1/2015,1.508705258,1.052163482,0.726113379
2/2/2015,1.508705258,1.052163482,0.726113379
2/3/2015,1.50281024,1.054680943,0.736787796
2/4/2015,1.514210939,1.044938684,0.743308425
2/5/2015,1.518003464,1.046325207,0.736264586
2/6/2015,1.532590508,1.048568845,0.741455555
2/7/2015,,,0.740314
2/8/2015,1.523902416,1.05019021,0.740033567
2/9/2015,1.523902416,1.05019021,0.740033567
2/10/2015,1.521606922,1.055794716,0.741227686
2/11/2015,1.526205063,1.054526329,0.736252367
2/12/2015,1.524273992,1.050150633,0.736070335
2/13/2015,1.539195657,1.051419497,0.743404806
2/14/2015,,,0.746997
2/15/2015,1.540048957,1.052007437,0.748101056
2/16/2015,1.540048957,1.052007437,0.748101056
2/17/2015,1.535626531,1.052691698,0.747494936
2/18/2015,1.535343647,1.0592767,0.755512178
2/19/2015,1.543900728,1.059420586,0.756242514
2/20/2015,1.54199636,1.059105158,0.760133862
2/21/2015,,,0.752264
2/22/2015,1.538911343,1.067398906,0.750504613
2/23/2015,1.538911343,1.067398906,0.750504613
2/24/2015,1.545236826,1.060284019,0.756064594
2/25/2015,1.54590559,1.063214779,0.760323286
2/26/2015,1.552891493,1.06712389,0.763007641
2/27/2015,1.541805983,1.058941483,0.761897147
2/28/2015,,,0.762092
3/1/2015,1.54061842,1.062317014,0.76255548
3/2/2015,1.54061842,1.062317014,0.76255548
3/3/2015,1.535909534,1.059440017,0.764415026
3/4/2015,1.536664844,1.0651052,0.769686818
3/5/2015,1.526507854,1.069394469,0.775409698
3/6/2015,1.524762154,1.06718576,0.780014753
3/7/2015,,,0.780907
3/8/2015,1.505774617,1.064785004,0.781163156
3/9/2015,1.505774617,1.064785004,0.781163156
3/10/2015,1.510482788,1.061212659,0.782180488
3/11/2015,1.508204699,1.061164618,0.787480474
3/12/2015,1.493295193,1.0553087,0.792101383
3/13/2015,1.48940289,1.063941121,0.790099859
3/14/2015,,,0.787523
3/15/2015,1.475579143,1.060000062,0.785426736
3/16/2015,1.475579143,1.060000062,0.785426736
3/17/2015,1.482579708,1.061932445,0.788917363
3/18/2015,1.475209117,1.058515072,0.786447167
3/19/2015,1.496199608,1.071717501,0.781584859
3/20/2015,1.476167321,1.061694026,0.77926147
3/21/2015,,,0.777322
3/22/2015,1.494321585,1.072429419,0.776983857
3/23/2015,1.494321585,1.072429419,0.776983857
3/24/2015,1.495192885,1.077098846,0.771503866
3/25/2015,1.483393312,1.075326204,0.767103612
3/26/2015,1.487740993,1.073032737,0.766648054
3/27/2015,1.485839963,1.072918177,0.771816015
3/28/2015,,,0.765052
3/29/2015,1.488582611,1.05960238,0.762389004
3/30/2015,1.488582611,1.05960238,0.762389004
3/31/2015,1.480911016,1.05357635,0.763305545
4/1/2015,1.482953429,1.045576334,0.766235769
4/2/2015,1.483679414,1.036718369,0.766192973
4/3/2015,1.483063459,1.028918028,0.764203906
4/4/2015,,,0.762725
4/5/2015,1.493072152,1.030729294,0.76323849
4/6/2015,1.493072152,1.030729294,0.76323849
4/7/2015,1.489070296,1.029502869,0.767926574
4/8/2015,1.48238194,1.039337993,0.77223295
4/9/2015,1.48785162,1.042027235,0.770362318
4/10/2015,1.471497178,1.047018528,0.776784837
4/11/2015,,,0.778355
4/12/2015,1.464064479,1.048983812,0.778933108
4/13/2015,1.464064479,1.048983812,0.778933108
4/14/2015,1.466791749,1.040811896,0.776048303
4/15/2015,1.477192163,1.0358181,0.779208064
4/16/2015,1.482843518,1.0414958,0.784135282
4/17/2015,1.492180943,1.052406907,0.783893645
4/18/2015,,,0.779711
4/19/2015,1.496826768,1.048457623,0.779152691
4/20/2015,1.496826768,1.048457623,0.779152691
4/21/2015,1.490979552,1.04120791,0.781559289
4/22/2015,1.493562818,1.04270494,0.778217077
4/23/2015,1.503759384,1.04447031,0.791864038
4/24/2015,1.505208015,1.044415951,0.78645581
4/25/2015,,,0.784194
4/26/2015,1.517657995,1.043756962,0.783473313
4/27/2015,1.517657995,1.043756962,0.783473313
4/28/2015,1.522371173,1.044134974,0.789886653
4/29/2015,1.533483624,1.054002404,0.794458807
4/30/2015,1.542686105,1.056323886,0.78238368
5/1/2015,1.535461545,1.046178699,0.77264446
5/2/2015,,,0.768171
5/3/2015,1.514669538,1.041602135,0.767390192
5/4/2015,1.514669538,1.041602135,0.767390192
5/5/2015,1.512287378,1.044690251,0.772098362
5/6/2015,1.517427683,1.056990981,0.768139124
5/7/2015,1.524204373,1.052864432,0.761380672
5/8/2015,1.54071331,1.05286026,0.761232257
5/9/2015,,,0.768398
5/10/2015,1.543400407,1.054347277,0.770462453
5/11/2015,1.543400407,1.054347277,0.770462453
5/12/2015,1.557705283,1.056070685,0.772722781
5/13/2015,1.567103386,1.066168666,0.773406625
5/14/2015,1.574009895,1.075547576,0.767107248
5/15/2015,1.577212453,1.06716001,0.761578918
5/16/2015,,,0.762619
5/17/2015,1.574604869,1.062380314,0.76200068
5/18/2015,1.574604869,1.062380314,0.76200068
5/19/2015,1.56636703,1.061448693,0.762453735
5/20/2015,1.551614404,1.057426929,0.76628691
5/21/2015,1.554291487,1.052879572,0.766892791
5/22/2015,1.566391587,1.055156112,0.768251896
5/23/2015,,,0.767271
5/24/2015,1.547508478,1.04456687,0.767222404
5/25/2015,1.547508478,1.04456687,0.767222404
5/26/2015,1.547221184,1.050320864,0.767494917
5/27/2015,1.539859176,1.044741392,0.765992701
5/28/2015,1.535013676,1.045026302,0.762638509
5/29/2015,1.531909704,1.032531738,0.758947611
5/30/2015,,,0.755777
5/31/2015,1.528888345,1.03129971,0.755693972
6/1/2015,1.528888345,1.03129971,0.755693972
6/2/2015,1.519987941,1.032744408,0.755325615
6/3/2015,1.533977628,1.046840072,0.75191921
6/4/2015,1.53266108,1.044782996,0.75027293
6/5/2015,1.536499619,1.0364573,0.748039067
6/6/2015,,,0.753698
6/7/2015,1.526787519,1.035134435,0.754804492
6/8/2015,1.526787519,1.035134435,0.754804492
6/9/2015,1.534589648,1.040878057,0.747300506
6/10/2015,1.539408803,1.039317012,0.753662884
6/11/2015,1.549690843,1.038657784,0.759434581
6/12/2015,1.550892591,1.042316556,0.759700596
6/13/2015,,,0.755219
6/14/2015,1.556153774,1.039517641,0.755032539
6/15/2015,1.556153774,1.039517641,0.755032539
6/16/2015,1.559600115,1.04458487,0.754985392
6/17/2015,1.563966155,1.040556312,0.757763088
6/18/2015,1.584811091,1.032292962,0.753046036
6/19/2015,1.587881327,1.039518595,0.753434718
6/20/2015,,,0.749652
6/21/2015,1.588511944,1.036227345,0.748012125
6/22/2015,1.588511944,1.036227345,0.748012125
6/23/2015,1.58292973,1.032313228,0.74811393
6/24/2015,1.574109077,1.037914276,0.757514298
6/25/2015,1.570993185,1.035340428,0.753795207
6/26/2015,1.574505687,1.03852284,0.759424627
6/27/2015,,,0.757337
6/28/2015,1.569316626,1.033198595,0.761476815
6/29/2015,1.569316626,1.033198595,0.761476815
6/30/2015,1.573192835,1.033453584,0.74597764
7/1/2015,1.568701267,1.036700726,0.749138415
7/2/2015,1.560500503,1.033967614,0.753500521
7/3/2015,1.561304688,1.030173421,0.752072752
7/4/2015,,,0.748771
7/5/2015,1.555596948,1.011578441,0.748448193
7/6/2015,1.555596948,1.011578441,0.748448193
7/7/2015,1.56020844,1.009513021,0.744851589
7/8/2015,1.546288133,1.010023713,0.744338214
7/9/2015,1.53699553,1.002649665,0.742870629
7/10/2015,1.537397265,1.006938815,0.745814204
7/11/2015,,,0.741676
7/12/2015,1.551590323,1.003289342,0.740414262
7/13/2015,1.551590323,1.003289342,0.740414262
7/14/2015,1.54822731,1.004289031,0.745353341
7/15/2015,1.563697219,1.013142109,0.741830885
7/16/2015,1.563403845,1.007152438,0.736597776
7/17/2015,1.561304688,1.012924433,0.738041759
7/18/2015,,,0.740387
7/19/2015,1.56003809,1.008710384,0.740894735
7/20/2015,1.56003809,1.008710384,0.740894735
7/21/2015,1.557389855,1.011232972,0.74132216
7/22/2015,1.555596948,1.012399793,0.740168452
7/23/2015,1.561402082,1.00695467,0.735921085
7/24/2015,1.551951647,1.007032514,0.736874402
7/25/2015,,,0.737615
7/26/2015,1.55228889,0.99832648,0.738056839
7/27/2015,1.55228889,0.99832648,0.738056839
7/28/2015,1.556420326,0.996121943,0.73785454
7/29/2015,1.561109662,1.001572251,0.743794739
7/30/2015,1.56020844,0.999620438,0.747136533
7/31/2015,1.560427547,1.002640486,0.744525433
8/1/2015,,,0.739188
8/2/2015,1.562695384,1.002116919,0.737062693
8/3/2015,1.562695384,1.002116919,0.737062693
8/4/2015,1.559040904,1.002182722,0.736580551
8/5/2015,1.556904793,1.019126654,0.741282582
8/6/2015,1.560598135,1.017455816,0.743442953
8/7/2015,1.551421881,1.016284704,0.748093545
8/8/2015,,,0.74893
8/9/2015,1.549402714,1.024781704,0.748117208
8/10/2015,1.549402714,1.024781704,0.748117208
8/11/2015,1.558530688,1.024777651,0.755964041
8/12/2015,1.558409214,1.024965286,0.754320681
8/13/2015,1.561597228,1.032624841,0.75156045
8/14/2015,1.561792254,1.030208707,0.746574819
8/15/2015,,,0.745907
8/16/2015,1.565190196,1.036742806,0.745860815
8/17/2015,1.565190196,1.036742806,0.745860815
8/18/2015,1.55850625,1.037148952,0.747002721
8/19/2015,1.566489697,1.030563712,0.748449385
8/20/2015,1.568307638,1.031095147,0.735827506
8/21/2015,1.569095016,1.029481292,0.733447492
8/22/2015,,,0.721522
8/23/2015,1.567791343,1.026101589,0.716620028
8/24/2015,1.567791343,1.026101589,0.716620028
8/25/2015,1.576292515,1.011353374,0.701919496
8/26/2015,1.569587708,0.997442126,0.703656554
8/27/2015,1.54820323,1.000847936,0.715714276
8/28/2015,1.541401982,1.004103661,0.731842339
8/29/2015,,,0.728958
8/30/2015,1.541805983,1.006169558,0.726015985
8/31/2015,1.541805983,1.006169558,0.726015985
9/1/2015,1.536310673,1.00232482,0.734307289
9/2/2015,1.53052628,0.990593731,0.724364281
9/3/2015,1.530807495,0.99733609,0.731096864
9/4/2015,1.526205063,0.993851304,0.738398552
9/5/2015,,,0.733732
9/6/2015,1.520103335,0.987314522,0.73207289
9/7/2015,1.520103335,0.987314522,0.73207289
9/8/2015,1.528304219,0.991094708,0.733613074
9/9/2015,1.540191293,0.997114539,0.740757525
9/10/2015,1.535791516,0.989426017,0.734311819
9/11/2015,1.544210672,0.999080777,0.73537302
9/12/2015,,,0.732214
9/13/2015,1.544807196,1.00239265,0.731464207
9/14/2015,1.544807196,1.00239265,0.731464207
9/15/2015,1.542709947,1.006401777,0.730661929
9/16/2015,1.534495473,0.999650717,0.735510468
9/17/2015,1.551807046,1.005630374,0.736710191
9/18/2015,1.556904793,1.003932357,0.730223954
9/19/2015,,,0.73185
9/20/2015,1.552891493,1.006844997,0.733262658
9/21/2015,1.552891493,1.006844997,0.733262658
9/22/2015,1.55082047,1.003468752,0.734875262
9/23/2015,1.535390735,1.003468752,0.734875262
9/24/2015,1.525203943,0.997991323,0.734784245
9/25/2015,1.52269578,0.9988361,0.733188391
9/26/2015,,,0.734427
9/27/2015,1.520172715,1.000891685,0.7344383
9/28/2015,1.520172715,1.000891685,0.7344383
9/29/2015,1.516507149,0.997601688,0.727550983
9/30/2015,1.515794516,0.999775827,0.723600864
10/1/2015,1.5124017,0.99791795,0.731471062
10/2/2015,1.513912916,1.006614566,0.736993968
10/3/2015,,,0.738118
10/4/2015,1.519410372,1.009345889,0.737525582
10/5/2015,1.519410372,1.009345889,0.737525582
10/6/2015,1.515495896,1.006818891,0.745547593
10/7/2015,1.522603035,1.017182112,0.741689682
10/8/2015,1.531557679,1.015627146,0.744961798
10/9/2015,1.535131574,1.019985437,0.743316531
10/10/2015,,,0.743135
10/11/2015,1.532308698,1.022953749,0.74208498
10/12/2015,1.532308698,1.022953749,0.74208498
10/13/2015,1.533789396,1.028863072,0.739912391
10/14/2015,1.52580905,1.011881471,0.736134529
10/15/2015,1.548011541,1.008937836,0.734829724
10/16/2015,1.547197223,1.011506915,0.740138471
10/17/2015,,,0.738664
10/18/2015,1.54380548,1.004268885,0.737816334
10/19/2015,1.54380548,1.004268885,0.737816334
10/20/2015,1.547197223,1.008025527,0.734462321
10/21/2015,1.544902563,1.010864735,0.73623085
10/22/2015,1.542448163,1.005115747,0.730285168
10/23/2015,1.538366914,1.005553126,0.742789507
10/24/2015,,,0.743558
10/25/2015,1.531745434,1.008740902,0.742928326
10/26/2015,1.531745434,1.008740902,0.742928326
10/27/2015,1.535791516,1.009252429,0.746761918
10/28/2015,1.531299829,1.004229307,0.743782938
10/29/2015,1.52718389,0.995604634,0.753240824
10/30/2015,1.53237915,0.994575977,0.751348853
10/31/2015,,,0.754302
11/1/2015,1.544163108,0.999279082,0.754463553
11/2/2015,1.544163108,0.999279082,0.754463553
11/3/2015,1.542400599,1.00102365,0.753822684
11/4/2015,1.541924834,1.003911972,0.758549929
11/5/2015,1.539006114,1.001684785,0.754775763
11/6/2015,1.521005154,1.005310893,0.756078124
11/7/2015,,,0.755938
11/8/2015,1.505502582,1.000316739,0.756167233
11/9/2015,1.505502582,1.000316739,0.756167233
11/10/2015,1.512104392,1.002742887,0.756134212
11/11/2015,1.513889909,1.001134515,0.757974029
11/12/2015,1.52251029,1.003068924,0.757209718
11/13/2015,1.523461223,1.011876345,0.753169715
11/14/2015,,,0.7549
11/15/2015,1.521792054,1.012669683,0.756756783
11/16/2015,1.521792054,1.012669683,0.756756783
11/17/2015,1.520496368,1.00915277,0.757276773
11/18/2015,1.522000551,1.013239026,0.761548519
11/19/2015,1.523925662,1.010961652,0.766147852
11/20/2015,1.52881825,1.016267538,0.762263656
11/21/2015,,,0.763029
11/22/2015,1.518994927,1.021347523,0.763308406
11/23/2015,1.518994927,1.021347523,0.763308406
11/24/2015,1.512905121,1.019022226,0.762093663
11/25/2015,1.508591413,1.022935152,0.764489233
11/26/2015,1.512355924,1.018974066,0.768357277
11/27/2015,1.509981036,1.016235948,0.769970834
11/28/2015,,,0.770337
11/29/2015,1.503895044,1.015122175,0.770703971
11/30/2015,1.503895044,1.015122175,0.770703971
12/1/2015,1.505797386,1.019911766,0.770780861
12/2/2015,1.507795334,1.029842615,0.768113852
12/3/2015,1.494902372,1.030898929,0.762936473
12/4/2015,1.513500452,1.02317667,0.744517505
12/5/2015,,,0.745697
12/6/2015,1.511258841,1.026519895,0.744547427
12/7/2015,1.511258841,1.026519895,0.744547427
12/8/2015,1.505026817,1.021101952,0.740576208
12/9/2015,1.50100565,1.017000556,0.731107414
12/10/2015,1.518395305,1.016011834,0.724773347
12/11/2015,1.516093373,1.020449519,0.724712133
12/12/2015,,,0.717558
12/13/2015,1.519895554,1.012395263,0.71622014
12/14/2015,1.519895554,1.012395263,0.71622014
12/15/2015,1.516070247,1.021561265,0.717933416
12/16/2015,1.504370213,1.012245297,0.721635401
12/17/2015,1.497790813,1.016745925,0.719840527
12/18/2015,1.492960691,1.01064229,0.714162588
12/19/2015,,,0.711981
12/20/2015,1.490823984,1.012119174,0.711185992
12/21/2015,1.490823984,1.012119174,0.711185992
12/22/2015,1.489691257,1.013341427,0.711521089
12/23/2015,1.482337952,1.015310645,0.709677458
12/24/2015,1.487696767,1.015936017,0.715059161
12/25/2015,1.491424322,1.020922065,0.713252544
12/26/2015,,,0.712655
12/27/2015,1.493205905,1.022817016,0.713145852
12/28/2015,1.493205905,1.022817016,0.713145852
12/29/2015,1.48940289,1.021193147,0.7110551
12/30/2015,1.482228041,1.029389024,0.71722573
12/31/2015,1.4819206,1.030472875,0.712226093
1/1/2016,1.473839402,1.03205359,0.720418513
1/2/2016,,,0.720097
1/3/2016,1.473708987,1.033666134,0.7209059
1/4/2016,1.473708987,1.033666134,0.7209059
1/5/2016,1.471410394,1.024734139,0.719390213
1/6/2016,1.467394471,1.021366715,0.721109807
1/7/2016,1.462993622,1.016631246,0.716106534
1/8/2016,1.462694049,1.005614281,0.704651833
1/9/2016,,,0.704075
1/10/2016,1.452496052,1.002235651,0.699450076
1/11/2016,1.452496052,1.002235651,0.699450076
1/12/2016,1.45439744,1.002396584,0.704190731
1/13/2016,1.443626285,1.004073501,0.70354259
1/14/2016,1.440797567,0.997600138,0.700996518
1/15/2016,1.442710042,1.005121708,0.700751483
1/16/2016,,,0.690775
1/17/2016,1.427409172,0.987821639,0.687131286
1/18/2016,1.427409172,0.987821639,0.687131286
1/19/2016,1.425313592,0.989482045,0.690982819
1/20/2016,1.418238521,0.993926823,0.688859642
1/21/2016,1.419849515,0.996822834,0.69469434
1/22/2016,1.422677517,1.005577803,0.706267297
1/23/2016,,,0.716219
1/24/2016,1.426004648,1.000959516,0.718583345
1/25/2016,1.426004648,1.000959516,0.718583345
1/26/2016,1.424298525,0.993019283,0.708170116
1/27/2016,1.434308648,0.999586642,0.720526993
1/28/2016,1.424907446,1.005051494,0.719627082
1/29/2016,1.436203837,1.011451244,0.722373068
1/30/2016,,,0.729632
1/31/2016,1.424602866,1.006849408,0.733210266
2/1/2016,1.424602866,1.006849408,0.733210266
2/2/2016,1.44279325,1.012038708,0.730824411
2/3/2016,1.440922141,1.005131841,0.724530578
2/4/2016,1.458576441,1.013572335,0.728712022
2/5/2016,1.458108544,1.005673051,0.722192347
2/6/2016,,,0.715594
2/7/2016,1.45121026,0.997285962,0.715119243
2/8/2016,1.45121026,0.997285962,0.715119243
2/9/2016,1.443605542,0.995879889,0.708868921
2/10/2016,1.446591854,0.987597167,0.700775027
2/11/2016,1.452643871,0.988143861,0.699130952
2/12/2016,1.448225856,0.989976466,0.698677063
2/13/2016,,,0.703869
2/14/2016,1.451800227,0.993964851,0.706955373
2/15/2016,1.451800227,0.993964851,0.706955373
2/16/2016,1.445922494,0.999706805,0.713143647
2/17/2016,1.43039012,1.000484109,0.712791741
2/18/2016,1.42816329,1.007879496,0.725649595
2/19/2016,1.433321834,1.003524899,0.722883344
2/20/2016,,,0.719474
2/21/2016,1.426594615,1.004628539,0.718413234
2/22/2016,1.426594615,1.004628539,0.718413234
2/23/2016,1.41480732,1.012508988,0.729402244
2/24/2016,1.401345372,1.013204217,0.71827209
2/25/2016,1.392951727,1.010497212,0.721812665
2/26/2016,1.396648049,1.013617992,0.730950952
2/27/2016,,,0.735829
2/28/2016,1.386193514,1.00421989,0.73573482
2/29/2016,1.386193514,1.00421989,0.73573482
3/1/2016,1.392796397,1.003200054,0.73699528
3/2/2016,1.396394491,1.006140471,0.74223578
3/3/2016,1.40809381,1.019393682,0.741976261
3/4/2016,1.417494655,1.022132277,0.740190923
3/5/2016,,,0.743794
3/6/2016,1.421504498,1.020210862,0.745611429
3/7/2016,1.421504498,1.020210862,0.745611429
3/8/2016,1.426126599,1.028825998,0.748739898
3/9/2016,1.420858145,1.030129433,0.742647409
3/10/2016,1.420696735,1.032476664,0.753489316
3/11/2016,1.428775549,1.030139446,0.738127708
3/12/2016,,,0.742988
3/13/2016,1.43800056,1.038836956,0.742461681
3/14/2016,1.43800056,1.038836956,0.742461681
3/15/2016,1.428204179,1.035161018,0.743641138
3/16/2016,1.415628552,1.030823112,0.73910439
3/17/2016,1.425516725,1.031305671,0.74560082
3/18/2016,1.447806597,1.033483863,0.744801283
3/20/2016,1.446801186,1.031704903,0.743009388
3/21/2016,1.446801186,1.031704903,0.743009388
3/22/2016,1.437008739,1.030423284,0.741475701
3/23/2016,1.422495365,1.036576986,0.74543494
3/24/2016,1.411691666,1.029923201,0.738304317
3/25/2016,1.413008094,1.030204654,0.736551702
3/27/2016,1.413107991,1.030083418,0.737171292
3/28/2016,1.413107991,1.030083418,0.737171292
3/29/2016,1.42633009,1.03400588,0.738878369
3/30/2016,1.438641906,1.034800172,0.73979944
3/31/2016,1.436699152,1.034108043,0.739765704
4/1/2016,1.436699152,1.034108043,0.739765704
4/3/2016,1.422454834,1.034363508,0.735348225
4/4/2016,1.42649281,1.028043747,0.733212531
4/5/2016,1.415628552,1.022706032,0.727795005
4/6/2016,1.413807154,1.024632812,0.730467618
4/7/2016,1.413807154,1.024632812,0.730467618
4/8/2016,1.405797482,1.016530156,0.727625549
4/10/2016,1.413008094,1.019691348,0.734527051
4/11/2016,1.413008094,1.019691348,0.734527051
4/12/2016,1.423406482,1.020604491,0.73907727
4/13/2016,1.420335054,1.035044551,0.754388332
4/14/2016,1.414894938,1.048604608,0.752287328
4/15/2016,1.420199871,1.048464298,0.755223572
4/17/2016,1.417434454,1.040056586,0.744510412
4/18/2016,1.427180052,1.04759562,0.754215062
4/19/2016,1.438920021,1.044015169,0.757990718
4/20/2016,1.433680058,1.048174977,0.76769644
4/21/2016,1.431754947,1.044678211,0.76612103
4/22/2016,1.440299869,1.044368267,0.772410154
4/25/2016,1.448300004,1.043140292,0.769042313
4/26/2016,1.457944989,1.046753883,0.772377491
4/27/2016,1.454044938,1.025051951,0.771256387
4/28/2016,1.460719943,1.025880456,0.770079017
4/29/2016,1.460999966,1.022588849,0.764381588
5/2/2016,1.466719985,1.028268099,0.762270331
5/3/2016,1.454395056,1.013511181,0.750658989
5/4/2016,1.449984908,1.012794256,0.744113922
5/5/2016,1.448770046,1.014757991,0.752836049
5/6/2016,1.443049908,1.002815247,0.753406644
5/9/2016,1.44097507,1.003733158,0.749577403
5/10/2016,1.444689989,1.008451343,0.755467951
5/11/2016,1.443749905,1.006893039,0.755360007
5/12/2016,1.444665074,1.005204082,0.755754411
5/13/2016,1.435899973,0.997219563,0.753901184
5/16/2016,1.440965056,0.998320997,0.758330047
5/17/2016,1.445554972,1.002840757,0.759474635
5/18/2016,1.460150003,0.99942553,0.759057939
5/19/2016,1.46043992,0.997404516,0.757019758
5/20/2016,1.450899839,0.997133136,0.755241573
5/23/2016,1.448240042,0.995325923,0.752998233
5/24/2016,1.46202004,0.993455946,0.756838083
5/25/2016,1.470000029,0.991169333,0.760772288
5/26/2016,1.466544986,0.992283165,0.762386918
5/27/2016,1.462199926,0.991457999,0.763586044
5/30/2016,1.462914944,0.992572248,0.76015377
5/31/2016,1.449299932,0.99690944,0.759413123
6/1/2016,1.441470027,0.999137282,0.756133199
6/2/2016,1.441295028,0.993919373,0.75570029
6/3/2016,1.451499939,0.999234676,0.754208505
6/6/2016,1.445299983,0.999473512,0.757104158
6/7/2016,1.453984976,1.007570386,0.757000506
6/8/2016,1.451035023,1.007394671,0.75527668
6/9/2016,1.446370006,1.006113172,0.757790864
6/10/2016,1.425549865,1.003333926,0.754562199
6/13/2016,1.419654965,1.000798106,0.75093776
6/14/2016,1.410979986,0.996424496,0.74867779
6/15/2016,1.41971004,1.001913309,0.744502008
6/16/2016,1.420934916,0.993898511,0.745379627
6/17/2016,1.435899615,0.998146415,0.744304001
6/20/2016,1.467464924,1.001233935,0.751431465
6/21/2016,1.466399908,1.001151443,0.751168489
6/22/2016,1.47950983,1.005483627,0.748852432
6/23/2016,1.489649892,1.017711043,0.753270745
6/24/2016,1.368398547,1.011644602,0.747919381
6/27/2016,1.32229495,1.00036788,0.748392165
6/28/2016,1.33536005,1.000358343,0.75301677
6/29/2016,1.344949961,1.003241897,0.756679296
6/30/2016,1.330317974,1.004134417,0.753650784
7/1/2016,1.327140093,1.009852886,0.753650784
7/4/2016,1.328479886,1.014410615,0.755547583
7/5/2016,1.299308777,1.007104993,0.751859784
7/6/2016,1.28995645,1.014682889,0.752517283
7/7/2016,1.288875699,1.010274649,0.752537072
7/8/2016,1.294984579,1.018230796,0.753661573
7/11/2016,1.29952836,1.018015265,0.749300301
7/12/2016,1.325468898,1.025969744,0.758123159
7/13/2016,1.310959697,1.023481607,0.758227766
7/14/2016,1.33409822,1.025059104,0.760747194
7/15/2016,1.318009257,1.021233082,0.75755471
7/18/2016,1.327386737,1.02236712,0.758620977
7/19/2016,1.311183095,1.016842127,0.757026315
7/20/2016,1.322768807,1.01399231,0.75507319
7/21/2016,1.322926283,1.015921712,0.753291368
7/22/2016,1.311011195,1.014421225,0.752248168
7/25/2016,1.310994029,1.01818049,0.745825469
7/26/2016,1.314164042,1.020858765,0.753127575
7/27/2016,1.3216151,1.013359308,0.748819411
7/28/2016,1.316205025,1.016064525,0.745181978
7/29/2016,1.323171377,1.018603086,0.743749499
8/1/2016,1.318530679,1.010290504,0.737738073
8/2/2016,1.33418715,1.019096494,0.735927761
8/3/2016,1.33288908,1.018198371,0.744392693
8/4/2016,1.311475396,1.023996949,0.747735143
8/5/2016,1.307343364,1.025699735,0.743325233
8/8/2016,1.30386591,1.031044245,0.746717811
8/9/2016,1.300542355,1.030564547,0.748113096
8/10/2016,1.302083373,1.033778191,0.746259153
8/11/2016,1.295974731,1.034473181,0.751132488
8/12/2016,1.292256832,1.029563069,0.752140343
8/15/2016,1.289108276,1.031218767,0.752712488
8/16/2016,1.30429101,1.031111002,0.747896433
8/17/2016,1.304257154,1.028179646,0.748715281
8/18/2016,1.316239834,1.028961182,0.746986628
8/19/2016,1.307514191,1.027460933,0.746793807
8/22/2016,1.313663483,1.031050444,0.743328989
8/23/2016,1.319748759,1.029119611,0.745431721
8/24/2016,1.323328972,1.031264305,0.747940421
8/25/2016,1.31898284,1.031587362,0.748831093
8/26/2016,1.31374979,1.028409123,0.752483666
8/29/2016,1.310530066,1.02956605,0.751463652
8/30/2016,1.30830121,1.024729371,0.751222432
8/31/2016,1.314578652,1.024206519,0.750406265
9/1/2016,1.327263355,1.027241945,0.748114288
9/2/2016,1.329451323,1.030947089,0.753522754
9/5/2016,1.330140948,1.029643416,0.757931292
9/6/2016,1.342480183,1.034846067,0.754939675
9/7/2016,1.333813548,1.033581614,0.752818763
9/8/2016,1.329928756,1.033162475,0.752108276
9/9/2016,1.327545285,1.025466323,0.748078525
9/12/2016,1.333528876,1.025457382,0.74521637
9/13/2016,1.31917417,1.019898534,0.742111266
9/14/2016,1.325117588,1.018052816,0.737556696
9/15/2016,1.324713826,1.023513556,0.738710105
9/16/2016,1.300220966,1.025502563,0.741686821
9/19/2016,1.30391705,1.026766181,0.742467523
9/20/2016,1.29875195,1.028932095,0.742560565
9/21/2016,1.303288221,1.033801913,0.744236469
9/22/2016,1.307890415,1.036951303,0.742882967
9/23/2016,1.296545982,1.037121058,0.736612976
9/26/2016,1.297033668,1.038804054,0.73281908
9/27/2016,1.30189693,1.042449474,0.735307038
9/28/2016,1.301930785,1.045518756,0.743162155
9/29/2016,1.297067404,1.042383552,0.734586477
9/30/2016,1.297875404,1.044268012,0.740114331
10/3/2016,1.285033226,1.049600005,0.742374361
10/4/2016,1.273544669,1.043986678,0.742031157
10/5/2016,1.275249958,1.0423733,0.738638163
10/6/2016,1.261320353,1.040826321,0.741972625
10/7/2016,1.243842959,1.04267478,0.735329509
10/10/2016,1.236292601,1.045824409,0.745730758
10/11/2016,1.225234985,1.040781021,0.746441245
10/12/2016,1.219482422,1.045462728,0.746003211
10/13/2016,1.224155068,1.045278549,0.747101963
10/14/2016,1.218754172,1.059786439,0.752681673
10/17/2016,1.218902707,1.059080243,0.753181279
10/18/2016,1.229770303,1.063102126,0.755156875
10/19/2016,1.228969216,1.070778608,0.753530562
10/20/2016,1.225565314,1.060970426,0.750457466
10/21/2016,1.222015858,1.059148908,0.744628847
10/24/2016,1.218041539,1.061897159,0.744676709
10/25/2016,1.223510981,1.063526511,0.742585301
10/26/2016,1.215938568,1.05841434,0.742022693
10/27/2016,1.218917608,1.057397008,0.737810135
10/28/2016,1.218917608,1.057397008,0.737810135
10/31/2016,1.223585844,1.05837512,0.737131536
11/1/2016,1.223675609,1.061992526,0.728109658
11/2/2016,1.230375528,1.059566855,0.72644341
11/3/2016,1.246587515,1.063590288,0.727575481
11/4/2016,1.251846433,1.061516047,0.721695662
11/7/2016,1.239817977,1.072545528,0.728453696
11/8/2016,1.238681555,1.074446201,0.736666381
11/9/2016,1.241850376,1.06997931,0.734094799
11/10/2016,1.255382419,1.074200749,0.732859254
11/11/2016,1.259921908,1.066538215,0.729175925
11/14/2016,1.25189352,1.070178628,0.736594856
11/15/2016,1.245407462,1.068356156,0.744256914
11/16/2016,1.243610978,1.059641719,0.745523572
11/17/2016,1.24084878,1.053010821,0.744108737
11/18/2016,1.234689832,1.046815515,0.747834206
11/21/2016,1.249234796,1.049048305,0.751539886
11/22/2016,1.242374897,1.054371715,0.752562821
11/23/2016,1.243224502,1.056305408,0.75355494
11/24/2016,1.245159388,1.06193161,0.753700733
11/25/2016,1.24853301,1.063683748,0.750168324
11/28/2016,1.240894914,1.066569209,0.75530684
11/29/2016,1.248985171,1.066429615,0.753249824
11/30/2016,1.251674175,1.059890628,0.757498562
12/1/2016,1.258906722,1.057614684,0.759402394
12/2/2016,1.272944808,1.05931592,0.760180593
12/5/2016,1.272701859,1.060781717,0.758706987
12/6/2016,1.26712203,1.061292887,0.760429978
12/7/2016,1.262801647,1.060485005,0.761246622
12/8/2016,1.25819397,1.061487436,0.769786835
12/9/2016,1.257655978,1.066266418,0.771500349
12/12/2016,1.267603874,1.067931294,0.771773815
12/13/2016,1.266143322,1.067733407,0.770374477
12/14/2016,1.253635526,1.066105843,0.769403279
12/15/2016,1.242344141,1.063093066,0.772291303
12/16/2016,1.248844862,1.056480408,0.76965487
12/19/2016,1.238819718,1.04995656,0.766268313
12/20/2016,1.23641479,1.049691081,0.769561529
12/21/2016,1.23523891,1.045586109,0.764310896
12/22/2016,1.228380561,1.046837091,0.76074177
12/23/2016,1.22853148,1.037884235,0.758258879
12/26/2016,1.227460742,1.039497256,0.759258211
12/27/2016,1.227445722,1.042212009,0.756999433
12/28/2016,1.222434044,1.042057633,0.758745611
12/29/2016,1.228712559,1.046414852,0.754753351
12/30/2016,1.234171748,1.043630004,0.757745028
